feature1,feature2,feature3,feature4,feature5,feature6,feature7,feature8,feature9,feature10,target
2.8287387933988777,86,8.904649407081756,2.8356271973293055,20,5.360303737819853,4.494832916894011,41,-6.481614323823495,2.352567938969558,0
6.994690893167172,16,8.185412002935223,5.821089488221702,28,-9.100559122923515,4.66495881129097,53,5.75937975690506,3.5589158215410075,0
5.565956996103984,68,-1.6805199866985312,6.344112994942593,63,-7.648179141696869,3.040342525476656,91,-2.5101163404009004,4.155710914461122,1
1.987410572163816,73,4.0745829160205105,5.247777431945533,52,-2.0797990499387575,3.8432754994715124,30,-2.6033015921802,3.83778997246609,0
3.842799496062927,17,-3.286897206389763,3.9383296339331726,63,4.561735514627905,8.417310855125928,13,-3.726626309434888,6.729831501263188,0
8.302873074194302,58,0.7971253831046532,4.224128658246268,20,-3.458734783211632,3.1668094426234847,0,9.23708966736275,5.539577950290667,0
0.14664151321385166,51,-5.058677489929515,8.03329338157576,65,4.3606975374936425,5.412952717013287,90,-9.160423052145974,7.228464729953024,0
4.142174742287645,86,4.3531271065518595,3.657382902002609,70,-8.71999239689214,6.712524550218623,60,0.4043164445753291,4.325472676788118,0
7.531872517411069,91,-8.19457389076561,4.463098731185003,3,1.9427117861760745,2.6816630326227555,9,5.184261253159308,3.2102288032840725,0
3.2665191954697965,20,4.7305395134944455,1.027957607353526,39,-9.382206025445646,7.050679488847061,79,6.711065648948555,5.589359820035616,0
3.6422276967558913,75,-6.702967467662184,3.95848708421492,79,-9.498975025498495,1.8691667765903777,48,0.8248758833928971,8.863373781325478,0
4.810582062126218,65,-3.4622917190873936,4.949731607237797,48,-5.177393228836024,1.1875172141077255,49,5.366566098897225,8.039396758733783,0
7.982779252248576,52,-2.3029072291784054,5.266064685304917,45,5.675103586343376,1.6849067585699005,14,9.469649591383074,6.1161197150248405,0
3.722196006630698,38,-2.4848238421698916,3.4720650236699866,32,-5.775724640555122,4.848841662276735,74,1.0528995155846452,1.5526637159379932,0
4.112036080707869,23,-2.3842513526427105,7.99898416464477,81,-4.2745289116209655,3.3750169247453727,30,-3.1014544103471398,3.4541870828984877,0
4.1312974487629655,8,3.2011123028258517,1.8470047966893555,14,6.801259675736837,3.8459750897190137,46,9.903842701033227,3.7867945773501637,0
9.41186016545091,53,-0.7780969537964353,8.953609010064387,82,-7.200934563841681,5.445823019239412,48,7.252756177544338,6.97477877837856,1
9.373572177947572,24,-1.6382649284207869,1.440221864918663,27,-7.47074402966299,5.594084865326191,17,-2.977274512791026,10.587104446380295,0
7.008107795757754,72,7.850398714614229,2.7242447097589895,14,4.391535284149297,3.65962670209881,77,7.5219973034987895,3.42850918164301,0
5.772372798349712,23,8.392548316450462,2.158649877538789,33,2.8073134670005793,2.6973519361596368,75,5.696028581964381,4.084742737095275,0
6.4747371517924845,14,2.1224432734722,3.869635431697213,51,-3.3856847221092075,3.0425207669681082,75,3.3531844416135232,6.440737070413407,0
7.981464056301598,22,1.229872325431705,8.317507521604412,10,9.234154761693244,6.939505996137251,84,1.9987863403198265,6.25987238558521,0
3.128332263195217,17,2.7078770711216684,4.455862354978622,88,3.5855721304286448,3.0149635033188904,53,-8.230202112223228,3.5285853767540667,0
7.351658089564207,93,6.495071600069949,7.4563823939080836,16,0.9925804833768144,3.435423266266246,22,5.028511802894766,5.937676528324298,0
2.492238664501975,8,6.030649338075104,1.0548607263435779,19,-5.3158997648163115,6.043216639558631,88,-6.637527416488254,8.74571644613097,0
3.7244969950931797,91,5.750568937787895,6.260053469875146,70,-9.288303575390968,6.600245817015355,39,5.573537480298771,2.0483500890170636,0
6.814210391600603,89,-0.89807076984326,5.823388624410247,12,3.7478432430853488,2.770075057388675,35,4.5113580001621685,4.543895391984884,0
2.142638599548062,10,9.198502973698787,1.2805675950231312,96,3.312096296128775,2.4248529973368402,84,-1.1834855748046085,4.834566361283487,0
4.719862559622668,46,-7.439201085614409,5.294851717309873,20,8.190917858484646,6.185810762676763,22,-7.562809540225217,8.438925835314784,0
3.276490208280629,90,-8.296750836096628,5.195636935528453,55,-4.416604391609904,3.5662696410411163,81,-1.0945598110813641,5.855283638670439,0
4.488761258938807,11,-7.70163124420046,8.876178277027151,89,-4.969709491586554,2.9675760310287806,80,-7.75252613622595,4.141816574294069,0
-0.5971782109214487,28,-4.026080166124737,3.35681359219173,71,9.763907648670077,4.320370310483972,77,-4.00042771552134,1.7675476174724514,0
1.456933790980306,53,4.328988348108096,2.9006136048323348,69,4.314531777852649,5.316857300264751,92,-4.7331891207710335,3.622263235711324,0
3.600245530804165,38,0.11981632016545518,0.23774850687700866,82,9.898781756508143,7.740013779743889,12,-1.0474147050853517,3.444293850521238,0
6.854924863517165,9,-3.808774494552698,6.46935008403897,54,5.0926712270564956,3.180397185324542,89,-8.599307082626348,2.607459802412596,1
4.652728634419568,99,-9.857677896214367,3.8178290986465635,61,-1.5225044574859439,7.373216310446235,28,-2.6155666665747557,3.096493522933771,0
5.005691831793622,84,4.000704842675207,6.893042436820639,77,-9.657246938840602,3.3133483967054076,40,3.365883129199453,5.8709627633442985,0
6.37644542220457,5,9.123319428192318,7.3573472419631845,99,3.244530218734031,4.055805831441071,47,4.057625647417517,4.862246225153834,0
3.240927313981896,84,-8.91657813969246,7.530103747792882,84,-4.096067607578462,7.2205332529151995,7,-9.777546493767648,3.108405364631272,0
5.567254647614582,48,-7.176930890572,6.5989385802317635,6,7.340801157563586,6.3547324228981825,48,2.1583050493153593,4.565304414614621,0
3.3892669638687685,96,-4.520758220686602,4.04273598143851,95,-2.8152741956778566,4.832668558274668,0,-5.042874441443692,5.5236095404475085,0
1.5446610117587856,10,0.5818163849559514,2.2477842587151993,69,6.839597510478647,6.047500168436701,14,-1.783514466282913,3.2063640475556694,0
4.218200412489798,36,-2.438794426093917,7.0580385265050705,77,-8.891211858673584,4.2775691819668955,61,-7.8268196679456,3.317790938640788,0
6.147611724810115,22,2.4926649001833887,5.722784127348501,39,9.791974697062674,6.251202872921917,25,-9.980895617965807,5.667699427684148,0
5.677178101999603,93,-2.1197331959191317,6.113166660164006,85,6.090957330212628,8.366132552847985,97,5.8313289869967555,5.859926958765291,1
4.97633901104236,82,9.811297972704583,7.469666523778285,67,-1.4574162354533442,4.2203614999796635,90,-4.258912229527727,3.5260439147064884,0
9.784730531875452,68,5.468587156017344,1.334889749805782,67,-9.810457854123486,4.250959308196272,68,-6.619022470219747,4.86003714827636,0
5.825824320617557,14,9.845647369647526,3.150072893626409,36,-6.498897196123394,8.696511255875166,66,-0.7980104685418468,6.401604878025596,0
6.957472011874693,89,-5.268797006625194,5.18562050580799,72,8.485020715229904,1.5484224204052683,78,7.673832934973664,5.9526206576527505,1
9.476286676995905,98,4.908129435204756,3.2462841014130976,52,6.128785540614821,4.329345134099427,70,0.07942040826731933,2.3498102205332225,0
2.4118293536775024,63,-5.021907255998242,3.5093602090428595,2,1.0555155576161646,5.785735982596207,88,-7.560599547289835,4.553909649793209,0
2.922423579590093,57,-1.153232597047495,4.186499896467168,82,-3.067194689179402,9.957159206053106,39,-4.885419468894979,3.8028144509537016,0
8.487424450245861,44,-7.885044840974826,6.091153423684682,12,7.437190609796598,1.5776235225492785,61,-3.7750867451457033,3.5879599672752054,0
3.403874529517875,97,-4.83228233519859,6.430171920199626,34,1.090029691581595,3.0954758682279664,15,-7.911459901668674,3.3871098828746495,0
5.05936646060666,15,-7.907078411715758,4.76633279346089,28,-5.832302673933927,4.933155173568272,13,6.381674221092666,1.8699573703295655,0
7.138631938848697,53,-0.9835201946578547,6.94222459752636,45,5.175987604082428,4.580329175161816,98,0.9487177681672225,9.468091008494838,0
6.781412782586342,79,9.336128533281393,7.999693121992685,1,3.3698161575484935,4.121883815863978,98,8.022822559809267,4.892086889875688,0
8.509772363962218,34,3.712114289055741,2.7408663166031797,82,-2.282034505626129,6.068875387476083,4,2.334360090123198,7.602553510764011,0
7.991288274066939,13,2.166551658077939,6.104911864671475,22,-9.243127528458526,1.0825441951281825,75,-9.482031537748734,5.330698219461252,0
7.1387853394114735,53,-7.2462533233513255,1.5985625865289537,6,-7.064712187641538,5.660157300171305,27,7.719767792426033,-0.2870393406736902,0
3.4545825715056173,91,-8.952315133003825,4.226518269777133,79,2.428458270319581,0.09090963749666514,28,-7.641471875618597,5.796644606035443,0
6.5897253355864365,97,9.934467781065454,7.788875742232688,18,7.686765126691011,3.885434454858182,83,2.1105073732822284,9.110667126482035,0
5.628543989013734,43,0.8766181725494171,1.3403131953939988,36,-5.081807726346598,8.930590635905212,87,-2.8510818628069456,4.98161363396133,0
2.347469080119088,80,-0.3617773585637387,5.488422186875543,80,-2.9317036560860332,5.280879198983189,50,4.39327760020965,3.986010205464278,0
7.834598092953705,71,8.040075510577289,5.138230241564524,11,3.356640394197182,4.948774332222741,15,-8.399066912702324,4.085141702219187,0
6.614473069157133,89,-8.967095259667966,5.88157747975292,73,7.399372585914918,3.2388143537639325,34,5.850972968992361,4.506095503872037,1
5.090980161262194,42,-6.266653648496094,2.339188782923881,55,9.233808526145811,4.026036755249062,51,6.044381573064932,7.836190016953635,1
4.533815878031173,22,5.29746528159138,4.031863451809726,53,-9.40344703968282,4.066263831230183,1,-5.404731816392221,3.9743515482938268,0
2.603397710598426,71,-4.085059870583945,5.113034636949964,44,-3.7945527565087955,4.251963499592712,51,-6.753404685673332,2.5511590663745904,0
5.3990481471172656,0,-6.109332961676328,3.9795264502049763,35,2.370594070973212,6.522674020656706,23,2.7857159583854756,6.0088268361500505,0
5.936878238891288,82,5.734129716418723,9.311736786253645,72,-6.978929422660638,7.727303284877744,83,2.991635049456292,8.169081990279242,0
3.337690031513442,67,8.894344247574068,2.682981202127153,44,-5.752505936791779,5.192154488590951,4,-4.26499768209707,2.505403106299251,0
7.324408098199059,51,-2.6817895937900733,7.019296420497776,24,7.997327248492084,5.194017053093789,66,0.8410316298455474,9.791076793360777,0
2.8055939070339315,46,-2.336714634484263,6.164632629477035,76,-1.9545685667403827,1.6086883702908916,97,7.642254848715286,4.132269886556533,0
0.7537992999151166,90,3.5723938962944537,3.049662385746668,45,-1.0075842922833544,5.0386193413284355,26,0.07443341555292093,7.964977325570745,0
7.079454181785401,76,-4.19544902080748,3.4620252815371337,48,-1.306012095875138,3.108055463805168,50,-7.856963015558758,5.550256778510739,0
4.193267923795785,17,2.123812562831615,3.8893678114335843,73,3.701404466623657,2.7449563839640674,96,7.521045847820254,6.753612867864382,0
4.747940829373969,68,0.6980648819221873,6.389712924413123,82,4.73396566439115,6.922024090371291,50,-6.644885405864722,5.762195636194978,0
3.3249665543498934,43,0.0798427881527548,4.095050088900546,90,4.5351183665974855,8.54803559346901,36,1.5028460390285598,4.751871610397227,0
1.7880744785651945,47,5.588350834420343,6.729192414483884,82,5.500801207201755,6.152318157315417,65,6.178664324833516,0.5707752976935287,0
7.510474749448437,17,0.8540907413320014,2.3899106724584924,66,-0.11248407920085413,2.955071756418749,71,6.008048209456636,-0.8155435080294797,0
3.622262032306157,20,-3.19895978448346,6.3046067555413785,25,1.028535978570913,4.921068394289927,39,-4.84655900023804,5.365371629482352,0
8.32190497629588,64,0.7928086720975163,3.582796788656668,19,-0.16269031713317794,7.1928483409637,96,0.9196183280537635,4.550760428380423,0
6.614616372421457,20,7.251925712571577,8.449452013761233,95,5.453976304483007,5.204948226605302,15,0.8443339690453868,6.219727673845544,0
4.37048370656508,26,5.458430202303573,8.682063271368797,28,5.1944242968267424,5.6453370468634345,23,-0.9101699579045679,1.5190988097591225,0
2.828195197746267,31,7.447331563069088,6.254990115756877,35,-9.608384604392084,6.156429201386604,40,9.278912712149616,3.578943364308037,0
3.5350760265590857,19,-5.991095216144986,2.581736929777931,64,-3.5997338976593944,3.5925836623645533,50,-2.219834737495301,4.582443491807601,0
2.5749537378096607,45,9.113663598161931,5.1422388509350085,19,-3.2597575093005844,5.278166443291342,22,-4.478036208761664,7.259105244344821,0
9.174226719176371,64,-8.232069500107064,6.988903832282103,92,-9.407351803242754,2.566510177362619,1,2.964907441924767,6.904855156435143,1
5.32888246045965,19,-3.733724702600945,7.789755855818637,73,6.2744631755261295,6.419247732381572,26,4.85262629219541,2.118517342039211,1
7.300411085093264,29,6.359442649385574,4.884744356967985,96,5.839890137835484,2.023241962723686,49,-8.167933983632373,3.068019896734584,0
2.465295901979545,67,1.5680460090824315,7.496833434624548,57,-9.79552607300801,4.109906462592274,44,1.7581922482159733,5.836239632664023,0
5.362070259194008,17,2.6397629926681017,1.0213819404419104,11,5.698720257308871,4.057320967477377,54,-9.761766761662564,5.553078538768389,0
7.355723877617157,70,8.461535907735588,5.078248268033347,85,4.137448211778876,3.6468541167317547,39,-8.437436833748844,5.537896229594012,0
4.329978476133968,15,-3.323856486743222,7.080033862985626,78,9.379183369678373,6.608053401477876,72,4.95286342082823,7.962031306727594,0
7.062228917843484,81,1.6939503328959908,4.134306026301548,95,-8.592598843933253,2.0341530725976287,1,6.140498129910931,5.943424094959935,0
2.830864175988467,32,-3.073884715925499,3.8605429727398954,62,-3.367456968301072,3.060537996801467,20,-6.708875874430049,6.573799779845508,0
2.2730569107628313,91,8.04357072654997,6.894457127166485,77,3.0374506095031677,5.3959085595800795,65,4.567117489520243,6.783821507507443,0
5.758801224156272,35,-1.7039138830795348,2.721644514770723,94,4.332653614489814,3.937361841346693,94,-8.272704555056086,4.180212499928746,1
4.241647130854895,17,0.05539158900484509,2.1900882989989934,25,-7.6498483164357145,5.000680495379208,59,9.317902472614541,2.227291006535244,0
6.284109378543663,26,7.479940933430992,2.838494002944742,33,3.336503465502192,6.876094790206864,73,-9.064785851316405,8.974443601291128,0
1.044224136959102,86,5.751021721387996,7.517694217750105,30,9.292299059340568,3.5254183410199484,22,-8.840831364924338,5.445968765301076,0
6.424529270941036,97,-9.474460534021143,3.7163921786138427,73,0.9404364738877398,3.429208408135907,52,-5.186237729927276,3.4845219103328424,1
10.19660785453863,10,-8.447088212244305,4.941722604782399,71,-0.16359316297524806,3.3944134280999267,44,-2.69739560329125,3.2862295930867873,1
4.950748037137039,36,-8.060710121370587,7.945594763802035,78,3.567640971802108,8.990510488394373,95,-0.654549300928176,6.525262191341849,0
5.068284257819683,42,1.5684323955909036,5.9658622650864555,23,8.221803651846464,4.546336989945241,62,-2.6953680965846827,1.7666091680003446,0
5.359098969277358,69,-4.054966711049222,7.169968870832925,0,7.6748189367866395,7.9290139101329284,30,-8.454544796995762,1.0137090172991443,0
1.2760485784164257,21,-7.669511213062559,4.62059744072992,26,-9.680943264568347,3.517408564207158,45,3.992393734494044,2.9580596241553163,0
5.8522932793806195,97,1.8497872511337938,4.7703501226533485,36,4.235938819246039,7.130671545768689,36,-3.6347347926318685,9.538089098971572,0
1.7891805119680706,32,-3.079777716297203,4.430047183299976,66,4.891848414233976,5.810599905322512,95,3.159365767307804,6.8128561193353665,0
4.144640803752392,94,5.644829380658869,1.6258302446638462,18,-0.6763200234706463,4.222666178977815,52,2.9127825750492438,7.156625904170328,0
7.485739099207474,97,3.8899358787805447,6.379195222031981,92,-2.1248127696734898,5.7560230341991865,26,4.5967727617812475,4.410114573119874,0
3.5295660877998474,10,1.4595004305260098,10.338610275153641,57,-2.8774449009350533,6.7343152789063545,83,1.152992040792613,5.883370740663014,0
6.0024979791348,31,0.7317771001603965,5.439294518429487,73,-1.666732520421366,4.610829222730298,23,-0.5575726354806765,5.613113357883842,0
7.0254781079127415,73,1.5632644831983065,5.240996433855818,66,4.537103269710261,4.733118553758029,5,-7.470764328444764,4.68578507904411,0
5.557481712192,5,-7.800008205871096,5.076033623344811,20,7.5468811258868875,5.421328067460684,98,-1.6946223660077369,4.898027331673705,0
2.2581030598107845,83,-3.409364250537525,5.956416901869017,80,-3.816648141693644,3.2514488762956844,19,-3.327023912840965,4.631029789369653,0
4.3350494492971725,26,-9.152339182446493,6.52091844911391,73,-0.4609639639224383,7.793152455420582,54,-6.706801291317879,4.087436325554441,0
8.918822684776572,12,-7.181921818467463,3.8742877343072513,98,-6.84353930128065,3.5700956772880046,76,-7.5530563990130055,5.030201745229849,1
0.9499084740050581,68,-7.565777771621363,4.318676132929214,54,3.042486417037914,4.922515025800731,2,-4.690919290856823,3.87952581771604,0
4.448427972267649,42,-2.1868086960926743,5.554540291361604,99,-2.863722705408107,8.510693731196064,20,6.473724280778658,4.507241245691275,0
3.895783857023784,1,2.0966576526683607,3.6386598659014675,98,-7.6342602144794665,6.978220833648934,21,1.5208649877764735,3.9630777512178526,0
5.2414947261942775,90,-7.319949999941853,1.4132818639785314,91,4.205197547537132,7.361986843956329,54,3.284008954836878,4.270084352831132,1
6.496431234374461,50,6.107254427938443,6.5966252460891805,33,8.923408715190096,6.015044600430189,0,-8.142870058265048,6.103734172155839,0
8.217381936044106,65,7.603725226669738,6.4830074759957474,11,-8.3024279605974,7.675075640270302,75,-2.9807765882958437,6.9708009605861605,0
4.459535215981684,80,8.494365044420622,2.683476555381362,46,-4.895588505902531,6.146859577674755,30,6.31451677576845,4.4803627404834145,0
6.624682659953641,86,-0.7753503903341237,6.095882535502417,91,-8.150169696700528,3.9733519102713135,94,2.0750234451788323,5.902296343014705,1
5.999480289730346,74,7.549028681422097,8.918050150861914,0,-4.134376115789513,4.101702212844924,31,-8.530581723813919,5.528465275071528,0
5.948694595743601,53,8.106466689854102,2.4578067304275395,91,-3.537469837053269,5.776040166638731,66,-0.015899192185468536,5.942443587714132,0
3.8721521369470553,98,-1.4059096587138704,4.577773801935763,25,-3.6828388093058173,5.9191423783059935,67,-0.7703069193249767,5.038114275225353,0
3.0053570624481987,87,9.815716653733404,4.932566731188255,41,4.322024754225142,6.2339086740207215,85,-0.722823178647154,4.514891518622666,0
2.799913774758606,45,-8.547634401073527,3.441308017174932,80,3.7556152279717896,3.4475905539906284,67,3.313078414390665,4.253581858452535,0
3.487125581201753,79,-5.740226411263041,6.708192774279368,93,-7.08371860713668,8.424421065167598,49,1.153796477429962,4.774120697280312,0
5.643373151732453,70,1.1207368202922208,3.3984267907086307,78,-1.9378115609754758,3.721535355554801,87,4.678420906937204,4.996820378908106,0
6.521898786256659,10,-9.886108707206201,3.7274103215239296,15,2.0540242401018958,7.877315345023047,59,-6.869740927568393,2.4843314057541903,0
5.64693769571379,59,-3.3001376066870076,5.098719219647548,66,-8.60558665905085,8.556482497586947,3,7.828800049832449,3.5252798805794616,1
3.902089807608518,35,2.926580784750481,6.9660717277532695,44,1.8462356963684847,5.4243737545947806,82,6.933951192169051,1.8354525809813755,0
8.61194021986495,7,9.513843949056092,7.3343820465697185,53,8.30686148951473,5.724610943795246,3,-6.841758047486442,3.201443066860849,0
8.03773124726308,26,6.669527709647436,4.792132692343063,43,6.030350925528822,3.6202913300550463,55,-7.042046561490157,5.213969561830508,0
4.291999774499653,43,8.463697373552858,5.292606343731052,20,-1.6379399651738389,4.907776376453323,87,4.945398509735938,5.895275198265407,0
3.3531371880286684,26,-9.246754339846694,7.897282412851567,5,1.1143286483326786,2.932038568790606,94,-1.0553940710006664,1.3326913909595342,0
5.260429908315939,45,-8.574579820823127,6.3753655718364035,8,2.7189038742814837,7.1938284781563855,13,-5.662137684878752,6.620323002502246,0
7.534597290108706,70,6.0565792139478845,4.220134293853008,90,-1.0942274215676733,3.948909607678991,30,5.3124618569544335,6.0703904987495205,0
5.6655299545082345,46,1.4060379240187544,4.994385612661816,99,-5.142214663771105,3.946395345049668,34,-6.051186954960938,10.186644932128786,0
6.113097409820089,2,-1.9859926314902605,4.752231842268065,79,-1.6999653951329918,2.33699223394275,79,-4.6296181283393185,7.580047689290057,1
4.575839755448748,45,2.8035650791626328,7.7983071083744555,48,4.129526709763853,4.653875369355495,17,7.106093093960681,1.9735939479922533,0
5.912541790404461,5,-6.749868118080993,2.541543741692435,66,6.185502656377761,7.703964825954131,53,5.598736158781957,3.9410717133381072,1
8.089088902912277,58,-5.4840933606401565,6.222582633437393,71,7.580453459491306,3.8754579294225384,99,6.959237381611274,9.900665247127165,1
4.520662437044578,17,9.58927118101547,1.1535292634826555,76,-5.4137251942001825,4.321181908405186,64,0.8965360841995267,0.28464906944358415,0
5.286615465015745,64,4.2841398473950125,3.218813317315622,23,-9.881199796023573,5.376175009351471,57,-2.075123973515412,6.127994035136507,0
5.507632953099255,2,9.569987799329652,1.8100265410690355,33,8.353630184823075,4.311998843631453,50,-1.0349570956955034,8.194963852164113,0
5.567450711542074,66,7.157195511127657,2.7562688739766914,71,6.842133260914672,5.821081505286001,35,-6.0897689330192435,6.733338200825273,0
2.1762222478575453,20,-2.158556561203695,1.9379653891349409,78,-3.288079271066648,2.9486434880291625,66,2.0369768237103685,4.585444452285427,0
1.246262688252211,1,8.842335770151855,6.760542349561186,71,0.7665796804391292,6.656914462123782,75,3.9140273548078035,6.671375560804193,0
2.9606898581563215,72,-7.145091492153934,0.6986942904543731,67,3.7367473391532524,5.0695553296887805,12,0.33211311227867846,6.047547824164521,0
5.335884590803336,10,-5.6918139349871595,9.218052720942236,7,6.476432506473792,5.723668076696864,79,-6.41347011167279,4.499414696974301,0
6.107712332006423,39,-8.655788832138978,8.89885168064536,23,9.54439249015714,5.058946953971721,12,9.687028675650179,6.2210349815486445,0
3.9386508804527516,10,-1.5024803413193126,5.433849562697597,13,-3.794981266345159,1.9436787964412678,39,1.55216830499484,4.498273790062027,0
7.7545149657346135,13,3.6753910822690887,6.1505217816427615,25,-0.6867705582930483,3.571483073581094,8,1.6063433821871769,7.428351812305415,0
4.713648051347626,94,-3.084098140599558,3.565893440999659,0,-8.132797063860762,6.638972740113121,59,-1.00485270902416,6.005978395963276,0
5.040631996469249,0,2.9282192474710893,6.550641575695125,75,8.770046233704846,7.78261769770352,14,2.67292988181093,3.9488461043818956,0
4.612072258894675,40,0.11329542015313265,5.298960425785417,64,6.82778459072987,5.709304652542274,16,9.108086809789636,6.69194650866439,0
5.26805358549333,20,7.447784525819156,1.9032608075811153,34,-1.2123531869453092,5.039925501392776,62,8.733108790627242,1.9233762362728282,0
6.408948148087207,81,-3.8658676614403342,6.11831619621496,60,1.1064952121098237,3.3151052327709536,15,-7.004043223834895,4.250729956715775,1
6.331306875824662,18,7.518007073345455,4.622051651946732,98,-2.112874666483739,2.6422302443397108,71,-1.52585411167715,9.67641710736235,0
3.2031541187808195,55,2.668173499491475,1.153524482222116,70,-4.297869497095501,4.2294986297105295,67,7.772105806418217,5.335454333930686,0
8.047327552957055,43,3.3318550326388685,6.659072937373428,50,-9.690955239430748,1.8331843748637637,39,-6.0698630886241345,6.064789128567199,0
2.809947085146165,71,-6.0934110526715335,5.581049563529586,60,-7.605834979442177,5.340479644778456,95,5.065857613036064,5.622167207466406,0
5.158454028181225,4,-6.5116214144561475,4.962990686505633,4,-5.048167529249506,5.526351619949597,47,5.360941136346458,4.383827042650685,0
4.451206852955295,56,-4.395503858457355,4.454492657282264,72,4.096837755383472,5.367268983513893,86,-6.354992892783824,4.106975690990238,0
2.9020166453630254,63,7.9647570086345,2.8097265441592607,80,1.6467662011155682,3.2019747584303238,42,-9.882542268073209,3.645177199712105,0
4.849758824052337,44,6.411722886211628,4.068147479663689,63,9.936957986929958,3.5286915364228824,68,1.4936096116770372,6.51498724600103,0
3.5183724534152034,74,5.978119482168056,3.5052025013487835,37,3.5606981437153156,6.176784920492633,62,-6.5504679999285536,4.124945603415508,0
5.145814486552104,82,-9.557010689578549,3.5437699199738737,20,-0.03148492252508461,3.558696355815302,46,2.065835615597978,6.384062300584834,0
5.806171922438734,0,4.95206575955465,5.639778484623535,17,-7.422765441650167,4.8911035956524165,21,9.809150809666157,8.000362459603643,0
7.9438587379465435,0,-3.7088761888902226,7.470146198333687,7,-9.453493615647941,4.527413740249434,33,3.8536682068146852,5.237229927769841,0
5.614768437254829,18,9.82269684816361,5.94274501070765,13,-3.3279211503583888,4.90031962821223,56,-0.1811232606850428,4.770747414383233,0
3.77754931939035,61,-6.909790748590334,0.022829916280888263,65,2.66334403739304,7.048353859018103,80,-1.7783543668421853,4.745731393267185,0
4.216760378560797,75,1.0487083033640552,5.159996089855322,23,-5.960980897658534,5.754033102601555,47,1.5388485379161416,4.057049251474842,0
5.279956212229127,96,4.987928006268303,7.393166502441288,64,2.529591201031291,1.9128764075223534,74,-5.878569347236646,4.155967828905853,0
5.186921658924303,25,6.172039731796783,5.541774530403117,83,2.4089289996408816,1.8286736412539444,9,-1.2475254059867975,6.25463550645218,0
7.919178536456842,12,8.178052519860316,3.5057756325028073,52,-5.685385308778168,4.368459740973929,37,7.185376074971842,2.989338881255041,0
7.79070585951391,84,-1.1114788193798226,7.422015651575364,88,4.483355830338267,7.54813846396001,27,-0.544111333358476,6.142855259559788,1
4.282128147515477,57,1.2075656046167644,8.01060490613331,89,-1.9579168468369996,6.707538306169019,5,-6.011918710910507,3.239114324166335,0
3.9027157436276037,0,-2.7083059609274933,6.078956474203554,0,1.5498254512764582,6.341179037270031,83,4.8137075263021,5.1448349842818315,0
-0.11410920813571668,47,-5.464914646245271,7.626539225781439,34,-6.475444153167911,3.860851317657068,97,-3.5920315209220384,0.6432708574703785,0
3.90215917335556,75,9.65615501128628,3.83362004058152,95,-4.902566942250086,3.449141520696033,58,9.445809605325778,6.625085024112799,0
3.0438845878314327,49,-8.941188479018628,7.345280904324245,88,-3.9858561365022087,6.507352689737033,90,-7.359220252763086,8.549369307976573,0
4.2903510838103625,95,-4.6116702125840785,5.700462497741868,89,4.931647838103661,5.261290687058315,28,6.95898069752435,3.8507749952106893,0
5.783168484700222,16,-2.386358049703685,5.208530324203974,51,6.062334512399211,4.86276068007834,65,0.0362706734294207,4.406621113067815,1
5.354384658397976,88,-5.941093401007295,6.575469967368229,63,-9.354786009141607,6.720481131045119,61,-0.2233764071345039,5.903543461491821,1
4.940063985904915,98,-4.78978248429952,9.25713522247044,80,7.367997046321101,6.316076336786363,47,-8.457264570306616,8.24463954726934,0
5.399164222177028,36,-7.579667378654067,8.621010148985299,5,5.3361029282404875,2.8655385727350104,29,4.406536119559254,6.57308763827219,0
4.747764453538016,25,-0.5038470037685023,3.435217091987261,68,2.2894543485814296,4.256250616540773,49,-6.863446887530444,2.1785001403021527,0
5.394037865086952,75,3.9580793905114486,4.361254114655711,0,-0.4580800110753138,6.951743827805739,20,-7.945061555922328,4.970850679268966,0
-1.4621100158386247,39,-7.0934862905489755,7.55710060311932,18,-3.6316376906840304,8.181474967506059,60,-3.266201643763436,7.595204151106463,0
4.461413020498491,12,2.9824860235044053,4.9549085583561405,9,-7.544150711161459,4.514133236985795,51,2.595015620437138,8.228741794200014,0
4.778298557893986,83,-7.821411842794312,5.507635267681767,87,3.800095401025178,5.1853386885542765,32,-4.373961697706735,5.50503794863869,0
4.317476567586828,46,0.6900648019920759,6.4220362362932235,28,-8.213784323363416,5.391929904282717,11,-5.6218429614609144,4.749696479347728,0
4.564107475794117,40,4.272606397244772,1.8528294011117632,10,-0.8966588527826413,2.701334135863061,39,6.247373913153574,5.140508650190201,0
6.4066202356134605,93,3.2404517815892486,7.103684859844169,86,-8.155204574755963,5.117569831097185,66,4.448269709601673,5.466468266303374,0
3.8037893373183493,48,4.043869276795176,3.7190613396462013,19,-0.9441069531432138,1.5352846430681435,31,-6.878836964751914,5.512921197573499,0
9.401404198434257,28,4.838885032103599,5.8681056583660345,27,-4.846762023663693,4.315855277121822,18,-0.2575805616050175,3.7256720138066157,0
6.376593860444177,62,2.415088651002238,2.6193662278456897,85,8.925404299747267,6.766706208487823,88,0.0903207254188807,3.733424502214071,0
4.987385498172256,31,4.976541193823545,7.7280275242846805,23,-3.7284293426834214,3.391928250758379,24,1.9076089822552067,8.096020446384252,0
4.586675393604867,32,-8.487974654841405,4.785545058554566,90,-8.081641536044838,4.680781036762131,17,6.817811463084123,2.6152862831513524,0
4.826955427235729,5,-6.827525634311575,5.456233306431595,27,-7.494984463205812,4.408475975196874,75,9.147743130501325,3.59978212020024,0
3.1693858601120426,78,-4.668582589131265,3.0537329726839313,32,-1.3786335060224904,4.808843899565959,58,8.460664526904072,7.327546270007048,0
4.809594921483981,3,0.07429208509589458,6.541226998838634,40,9.502931494193732,5.9082613828743735,38,-5.913038004186728,3.1759713804380887,0
5.557367033454109,94,2.1624504888154163,4.548211894265911,68,8.510968485265451,5.306193290115706,95,6.742657810568598,3.907134945494123,0
6.159083231146459,50,-0.9941155312718042,7.2331394128880735,19,-7.45964558330728,3.9341427977495975,68,2.2555453886083328,5.036332056689791,0
6.159379558288667,14,-8.194790676620734,2.755629602295152,79,-7.743850095600435,3.055302772045411,50,-7.264382640901097,2.172566838901395,1
4.4502449068681305,96,9.73856002759915,6.523802733591945,15,9.030812971093994,6.18522594196529,71,2.0569474630829827,12.117962600074993,0
2.1678354949561394,46,-6.184691306399161,3.393909586503655,23,1.2569288541365466,3.4960246423097594,31,-2.5949157201064477,1.6594975576483848,0
3.6617947475331087,83,2.061394842544823,4.93909962354782,89,7.973530304582091,4.8167045010670195,31,-8.41814535888094,7.112963747138106,0
8.224386085624776,96,8.107240965309622,5.800446746417608,29,3.8314418237424483,6.59676714762826,34,5.713472018532414,8.127345189457982,0
6.792116626819896,17,3.0718996033501185,4.377372317728437,10,2.757595366131566,5.662881389907614,75,-6.528133161899559,3.805222766032485,0
5.7392391726083485,38,-0.5891704492252163,6.601484938380585,98,1.9097622768786593,7.405823040776887,43,3.132108262877413,4.480299297606928,1
3.4774115104797523,73,5.98341274489233,3.212573693882238,10,8.205757219091865,4.038176497583573,50,3.3607887238424095,3.3764434051741428,0
5.007290309947556,2,-1.4202004653812708,4.4618522369649245,64,-0.07239984748415473,1.323616604343726,80,9.970523486510402,3.2954156096739613,1
2.488662628675036,97,5.297450992212616,5.057310585024256,15,-3.156181708087262,1.8919703103124692,98,-4.840024194700869,6.725954240487445,0
3.8961262486078527,24,-4.877419384158159,6.425670283954335,68,-1.229009379239539,3.803663865090475,14,-9.183495726100869,3.599597385241667,0
4.50959331662961,91,0.20663344065732936,3.5518127646128446,67,-8.148376444559966,4.992354143603999,30,-4.867056344666791,1.4976308005602532,0
4.276720136269574,52,-3.6584161213611637,4.775807424346397,2,-2.753334597089667,2.956560418891127,73,1.9195538949508304,5.29319529228765,0
6.913203862112024,47,-2.8267020210438716,4.599670521612931,6,2.950187501901734,8.693653099963445,16,6.085614243882681,5.369877524929666,0
2.162548171929095,84,-1.173545122136499,4.196267464347408,53,8.187178725540292,7.719210113533245,84,4.864783594601391,5.6953215691135615,0
3.2691354569696918,14,-7.917101414901269,6.4035669034238,43,8.257746398938789,4.5849751146906454,58,-5.612183246982909,1.171264903724385,0
2.2506240579555614,3,9.641151013814117,5.814865516778717,33,-9.384840314012736,3.9357270827949717,97,8.475133448755464,9.87445978880741,0
2.525293574624292,26,7.935124310881264,7.324899349314947,27,9.556741488361723,7.6671523824427315,58,9.148614691357214,6.7395539718117305,0
5.248111792893297,99,-0.40428979260859776,4.284970563272574,36,-9.494262972347357,7.176000814658962,36,0.797105928240228,3.0712684492305824,0
1.7991189338874567,93,-7.130750932195797,3.8293031034148117,31,-1.348520025880191,3.2482975689425997,33,-1.49785237501586,2.7197424063439777,0
6.507737557675274,10,-7.431033100269266,8.391837178901856,74,-5.031258507251827,2.791707160279315,1,-0.5810308261945281,4.401328484190663,1
4.506368446117849,24,-9.020495034061252,5.87526086877801,17,8.410885284825863,4.584445699837914,31,6.372086869545075,7.583986770717162,0
5.137576665051955,57,-1.9439834158114486,4.352338149103596,92,-2.269369392487617,5.391324468916969,40,-7.937237664073851,6.6294007114930915,1
5.645153475994407,29,7.287560970500767,4.483940480849384,97,2.501650195260387,4.394997265509474,47,5.5305801519701365,3.6278404807566056,0
4.131666959496818,34,3.7640743309625506,4.987997541056924,66,-1.1792656822670473,5.702366802135882,80,3.959276460092946,5.418831904363646,0
7.064959431506756,91,4.937256740918258,4.583779584910957,31,8.62331964464104,6.303548684300697,71,9.254480469520566,8.053704140657555,0
4.61131454654473,93,3.1537151381992086,4.639429407966582,34,-3.831781250661141,4.572730923716442,57,-9.009486001784207,5.128180726852856,0
6.18814051047814,12,8.72861185284619,5.553828734659318,88,8.50942678158669,5.933580869797007,70,9.92132635240591,1.9246969815747899,0
4.601775234485496,43,-2.4075244870826795,6.0014428166015525,92,1.0772329434503582,5.1694289526419865,20,4.087836014866459,3.733344872655266,0
5.581748774849847,24,4.881092145268768,1.0097969753963136,17,5.719059050644583,6.051955212145988,77,-0.8630400562998908,2.8945016649008273,0
5.559325340315922,5,-4.617057582472035,3.7174319003719063,37,5.334771818623574,1.6319993890007365,67,6.619894136755068,3.5005483209824826,0
5.4999398789110625,95,3.58132979153304,7.523346554858046,45,-0.4157990422444886,5.539339515342152,12,-1.615172390310338,5.559599226153702,0
3.051384300758161,73,4.159030789598425,7.008554404628347,58,-6.110565048549552,6.8453589690074805,4,-0.6802036354757508,7.143668244562398,0
5.87175154109488,98,-2.6891268041424183,4.388063151905018,28,-5.765478861434483,5.814489494730122,61,0.11545279835222289,3.8615000920294005,0
4.362086021800808,50,-2.469025963780549,7.5959055333937515,64,7.887728773737553,2.1509020116034074,22,0.5624319894404621,5.897631504966471,0
6.260976060979836,19,-9.779353378558525,5.68536295484755,11,0.6398138002242231,3.7518809845819225,80,8.50711362489265,6.999712792657403,0
0.6950131111753919,15,-1.1055074082884104,5.530561014020952,9,9.936989841766579,7.480048496977751,77,-8.590534931848543,4.70966413362491,0
2.069767555890098,55,-2.315112100541123,4.857567785084203,42,-2.809814449093386,3.6054606991101332,97,-7.287801142220383,1.4687324048611936,0
5.7268911242700575,70,5.36292727916071,5.259961280651127,60,-9.241732200371377,5.039927663077235,70,4.568801368876056,2.724321219631615,0
8.725855170210458,66,7.759023670056784,4.210004557826064,53,-6.579972108348584,2.249620372834926,31,9.373031749752766,5.641235585929304,0
6.670117493622473,39,-6.3499338561284695,4.988302371537547,23,-3.843842639680977,5.452259075924524,42,8.753091708781945,3.1007379114266547,0
3.635098131600039,53,-1.6374683686113656,4.171809711296161,85,7.330337259819913,5.534073207957021,45,6.764553825967546,1.9124720706862983,0
1.6158951692440882,91,8.117708839171083,0.8663059779255864,77,-9.517152373459288,7.246584225163566,22,7.094025529685087,0.9425225940130257,0
6.485372442323237,31,5.590599110725078,3.9731961341049686,49,-8.604030716732066,5.7560894777373965,89,5.92446790827138,9.160735752023935,0
4.838833555914098,39,-9.042869620089329,4.718616504401364,1,3.121319312990254,6.0609774223258945,10,-7.178612022389341,1.7166914581044947,0
6.181408435788771,3,2.926751939042857,7.175174269378456,52,-6.843456485371351,4.224867268944457,49,5.278496804472759,6.076655929075668,0
5.230597444421582,14,-9.87425783931699,6.633769459220915,98,9.716329225935048,5.666059671905851,84,0.022138787051789066,8.25347609069322,1
5.0592858502409905,44,0.2343796072445734,5.071412629895984,61,5.73692745122419,3.6918524977379117,15,-1.1722498632918672,6.425845851388868,0
10.917250891786352,82,4.405981789040698,6.307473945313513,68,-7.410811523960912,6.532855615267277,54,-4.6735963958079685,6.309280480022962,0
4.987740077908842,68,0.18533512059752333,4.261778606113287,4,9.524109136542396,6.977840596038561,56,6.4488779325672425,3.5432759783652137,0
4.68150958149347,93,1.8321256977191211,6.0028025243639345,96,1.4163623046060039,3.729613888193909,75,-7.774753140912423,2.6680395489620183,0
4.757102649191956,3,7.285670601319502,8.043583240305543,11,8.774219588968485,5.866668824959378,63,9.759691636578392,7.0350746739851395,0
3.8329265665846863,46,-5.135009555683466,3.07181177285908,93,6.060838678804526,6.512014261878509,1,4.753040382834222,5.210033798439213,0
6.980265789430625,30,0.9205616451504319,7.373848692289059,52,7.430864597400344,4.263446321753707,81,4.791158350880648,5.830434073112426,0
4.292491332437302,91,-8.966091635495628,7.17754811576496,26,-6.860633842569442,3.5188244601325627,60,-8.831293430248499,4.309327452215471,0
6.271885411289179,50,-4.524351295783269,1.6020857798669077,3,8.640038063673249,1.8895631237025117,59,6.187842690122444,5.224826205291828,0
5.5692060596271125,22,6.930146326933759,3.5797939646607038,60,4.498829220626703,6.6403404848224685,43,7.821857936298379,8.22960725459693,0
7.437971724264853,28,3.6017444458571397,5.5880684130519676,90,9.284445848633112,5.632568909452082,26,-0.11050471144750418,1.671008436595467,0
5.840359193976723,93,-3.642746846784439,5.221202755823643,42,9.820797070383097,6.1620978280260745,46,-1.5143531009668205,7.495860372222509,0
2.5732304381047055,62,-8.982523260549018,6.978527387129967,43,-5.747767575059863,6.728109096875258,15,-1.339865818437353,5.092574348009888,0
2.3470244298921186,42,-6.681181230368425,8.169505429530059,96,5.233995604855441,1.738561118868521,13,0.2568754393638901,8.065369271169796,0
7.8167382921538024,49,-6.318704314582197,7.94705220448488,59,-9.447976263067503,5.941223646457312,96,2.7064210879750092,6.7001810234478665,1
3.782578393471116,23,-1.3192080300446278,5.1372184580768545,22,-3.2501425832591906,3.926596638601735,39,5.108045771771369,3.90155222656949,0
2.3587948404206958,9,-4.729564310507913,5.706435380501029,11,3.302005600053713,5.059902136708208,68,-0.8705278912016841,7.746330459087785,0
3.6607628002604833,29,0.668645962956882,7.962335541091925,14,4.786648134583286,4.354165241731743,20,2.1191764214862943,7.1899530718540205,0
7.5292505739360145,86,-7.427036031835308,4.91958871945695,33,2.1139063764770576,5.002523037490297,32,-4.623357821560113,4.587377607757234,0
2.1595740021029757,38,-6.643337518239569,3.2125185006514894,16,-1.6949650030854322,6.062083997307459,78,-3.4298253638357075,2.5967515238299987,0
3.2670095924807807,59,8.260077264381444,3.390797159728198,66,6.490766174704426,6.194006839204358,44,-6.779968575820396,3.911316145113572,0
3.666384982406961,84,-3.1883968954963837,4.590166514251799,13,-6.984722287312617,1.4454404759366208,10,-6.509156090655164,5.314324671347534,0
2.4976202530536096,56,-2.5998892884182556,5.36994555599118,75,1.8342150272910729,2.6533758540662182,2,-1.2243911993894905,3.9668436887888148,0
2.6313453229766726,0,5.2473345609818765,4.55264878176258,79,-3.1400423703763085,7.220537838458194,65,-2.4515094798273633,7.4652480437912825,0
1.9637840494726828,73,7.72513312093697,7.177161923403871,77,-2.4361340202229638,1.4132378100262097,70,-5.220148120357098,4.406526344304841,0
4.077625173726556,28,4.25954060405293,7.444769402580604,2,-0.9537308204158919,7.222163413142728,85,5.18297353335196,9.100858379140698,0
4.29018233651983,30,-3.1517878230731,5.245690705798975,72,3.936374422582201,7.051235594622834,18,-6.071579792958346,7.97500454255745,0
3.6349236915933885,93,2.874641086449355,5.96390676219078,52,-6.47310278607214,5.820723881181731,53,9.39218649971384,7.988952705377071,0
1.6926043220647178,74,-9.084236813749897,4.2675968826738515,93,-5.6052116760920985,4.814740941839111,3,8.078911301707311,5.860241452405741,0
7.5066718937119905,42,-5.352306777365714,7.075982634687155,72,2.5467085510400533,2.0682179114752617,3,8.71800282239407,6.647282695244812,1
2.341842341655679,49,9.735129141746608,5.88939885745927,55,5.90631811240587,4.307613918228249,94,-2.096486822397255,6.429932444774937,0
5.556067424045742,21,-1.4788395132795813,2.8501707962819505,2,3.68797220027159,9.157256873473004,69,2.231217412726995,3.6119211042068704,0
2.8504668137622495,24,-5.179863936622667,4.172175306665568,80,8.10844599489823,2.120245636300266,28,-4.145698204875394,7.281443047622826,0
6.336633733483056,24,5.758796082546706,5.719540394090199,71,-6.579368777834215,4.953098057753265,99,9.420293134400211,7.237175547244569,0
6.911664710334329,63,1.1605913687185794,2.9616027759064942,8,8.099635721499428,3.880253202022736,69,-6.089067258044403,9.639435479984128,0
3.24477282674469,24,6.456090325313944,2.479827925863793,29,-7.336254710066925,4.7026576829519495,73,4.562545894523769,6.0155653938851295,0
1.1525685406057482,98,9.641809238171348,3.543265572702823,45,-8.376514357631413,3.4454893348486877,97,1.9985268811034587,6.0101476703108885,0
6.391574638279216,49,-5.491614420360911,6.8870395585320185,45,-5.579740046060837,2.2860288991499833,73,9.616276391961797,6.543030081799456,0
8.75160109342727,98,-2.9743070791428927,5.4761391130526995,83,6.924922445888967,6.469294288750044,30,-3.132335328790141,1.0076708230275284,1
5.831389079784868,34,0.8238132647677716,1.8610427321769274,3,-7.887806929624366,5.500221014834515,49,0.8273884803627922,5.960168355076001,0
5.321088842959436,46,1.431049958951352,7.034192734262698,89,8.017695731477485,7.374017066036313,75,1.3006703866097844,5.730751868242678,0
6.639521219220378,43,3.5484258928356116,3.556606278311664,67,7.257694796070254,7.302708901966087,98,8.85674106306588,4.025151023372748,0
6.530109691994036,80,5.685209302194966,3.702199681373915,91,-3.918604092755949,2.9853984424962277,90,6.253615628101393,4.475879700474073,0
3.3420223324779794,53,8.204481151633907,7.499777236005841,8,-7.449004691908685,3.1371504507954056,99,-0.16167733788004313,1.8232081729226843,0
3.681697378606705,72,0.3661148367950098,3.2998130207586716,91,2.402245524322959,5.4392707864317185,81,2.0834639544100177,0.9173637831597405,0
6.222247100111822,10,-5.074902555659426,6.8800062109134466,92,-2.4718012689484725,3.077193037052775,17,2.099037867614893,4.72610594825375,1
4.711973305039415,11,4.19268467709764,7.549350445155461,21,-1.1178388273322089,7.53009830517468,76,2.8557550894036776,8.008021844856753,0
7.633211191727105,23,-4.987973449691627,4.72384640672397,6,-2.8504976341368753,7.095514002568256,30,-3.8972832639906985,3.0072391489399326,0
3.5913157057424834,26,-0.062335707235694926,3.4990331991225343,39,3.4621241638382667,3.4333209101310658,70,-6.279137231507823,6.904443262141081,0
6.501219833736963,21,0.9272105038356813,4.209823363673785,2,-4.848722470116429,8.376897435490884,49,-2.0785329904848915,4.628675221920467,0
5.685275962738456,5,2.1921169512856338,4.654024541852085,42,-1.941105911410265,6.146191041467485,55,-9.813758711892767,5.068814734274514,0
4.747124872580732,68,4.669398146597576,4.630271477649134,89,-4.574783659837529,5.73260439089754,46,-6.813493860690927,6.537557481996814,0
7.351821543669214,95,-1.0807816440647855,6.467615201526252,17,1.5658869711907908,0.367120602029523,60,-6.370653868270821,4.335578267900377,0
6.360143065734859,60,5.679986308428148,0.07156917388247752,85,2.8218483890437778,6.910642854416726,97,-0.731402859285474,4.58046803403756,0
2.990065693235792,56,-1.1821894442850027,3.809538879376017,41,2.853252434874392,5.997057867266807,36,-9.86227161811711,2.9868201451502796,0
6.280437360839694,50,-2.670934388091471,5.802010239505863,60,3.740295359692823,2.8525521808638437,88,-5.478357885930414,6.733206886971361,1
7.749981262988398,8,-3.7649814823771033,3.4292255298891186,38,4.075464403257223,4.675899259023149,16,-9.65841118908231,5.743695300034986,0
4.739110622030752,30,-8.310629438381312,7.109157718235642,98,-6.980664703829412,4.346672975275313,31,6.727848174127988,8.280967319656556,0
4.502688299230053,79,4.300201851338674,3.4708931520869104,29,0.03387834959729119,6.292906504374457,22,8.258402525440019,4.272385744920716,0
3.6607057047129508,36,-7.255565016082963,2.749809790345932,39,-0.7273585202261899,5.997112361349253,5,-2.5532356317223392,7.340415290678677,0
4.972792228649298,82,-9.220128715501883,4.810108985677457,19,-6.1431457218853724,1.1069564061623263,84,5.278688189541413,3.5724932473823285,0
6.37240137210582,23,-5.352716187777169,8.290345600737423,73,1.0392000808464275,5.7974976604319775,12,-7.553212492332124,9.151163139006117,1
3.3646634008425047,11,-5.58086923732406,4.474612876263525,46,-8.509502338821486,7.733744666374417,74,9.777864759494914,4.767298602167332,0
2.30728487852552,10,3.8095800055858415,6.453200370632072,21,3.2603058654775996,2.730878113674869,76,-5.515120767948456,4.835824858661083,0
4.2485001780361475,88,6.267050522089804,2.6192076943877263,16,-3.4786912554410048,7.251669267878991,80,1.5670209269632114,5.725231615060007,0
2.2405500426825,22,-6.658872305408899,5.863726938812734,71,-6.344927213422893,1.7305597685338077,6,5.954187114829523,8.868929644861556,0
6.0464368825652635,33,-0.4621674110208289,4.552707192415621,46,-8.696630326299337,4.205547142971053,71,0.8744408758583084,6.933225600088154,0
4.1466204600123975,14,1.9732041138186283,4.922132164096986,66,-8.228416750528169,4.707039017066349,88,4.000998100328113,7.68794493699332,0
1.4891963108983868,56,4.673621679019265,5.788670588977968,48,-1.3373196349313403,3.4049590508581957,29,-8.314708512226357,6.9653645169229845,0
4.30278497052298,42,-5.811228691940597,6.3124051327436455,13,9.050364766091036,6.24540213206407,92,-7.119515082972896,6.7330448253231685,0
4.614770028411819,2,-7.186279669605313,6.181315050979336,58,-4.264670414467259,3.4593694348514603,38,-2.616858727697675,5.339908234604237,0
5.898271226719434,77,-0.8940847715170577,7.835590819104617,15,-6.2138052821728085,5.486451502546707,46,-5.490776536923061,3.7239377921631283,0
4.70927291369158,19,8.991866523510218,5.592206017632243,88,7.569051320249066,6.607912535440207,71,9.757710923310533,7.807256438531934,0
8.737452913679617,56,9.328774916395869,6.748540275616139,19,-9.963218899021097,7.353638097433757,37,-1.318162177718257,6.532161885943027,0
3.962592296922001,48,-5.7118634033471665,5.290427818826894,9,4.27674720703078,2.8112203464015035,79,-6.934035458532033,4.677649148703246,0
4.875202902835387,25,-0.9581681298059159,6.00664500382285,82,-7.949059453664386,8.226013820336844,7,-8.170959288291119,3.2465353527522827,0
4.794178771474659,43,-3.1164272342771397,6.201340447920837,61,8.465239050093775,7.583919445456461,35,9.387047700442203,1.3215151580738804,0
4.434743231185953,36,-9.719138314309571,1.3170250372275243,64,4.509647200475682,5.431325332136883,12,-7.331716762695746,2.892630915543849,0
5.28485117002588,67,-0.42359246881613544,4.582483413227461,92,4.353783079734548,5.749442645654325,94,-4.391554414599397,3.1695290434951424,1
6.082462594395345,58,-3.22375919369684,1.1352842742638565,78,-1.5287467346340158,7.8117541871312275,20,4.232578677975496,5.105920028140389,1
7.680197407072869,51,3.3215650799357466,5.080677429449008,55,6.046146564591201,5.802800712514562,34,7.598901833764323,2.4141744062079113,0
1.8614877452110732,50,3.542901663877405,4.063480477084123,43,9.43401569636421,8.957930596083088,95,-5.798901237492342,3.055507524362013,0
3.9793142523877583,53,0.6203124127776896,8.13664262057257,5,9.97712620377079,2.7433911908360766,31,6.194490535367393,5.233732024719527,0
4.104457149295514,98,-8.724966038594866,5.568468056513336,56,-3.774151529647254,6.939340629336973,48,8.083668946711217,6.408521621933621,0
6.875700594723412,56,6.755756451849912,4.247130848256537,89,2.6235835974811668,4.446962756942717,0,4.102732350194975,0.7912471254015507,0
4.286673877853312,22,9.218650574958343,6.227668286561691,72,-2.0083537860207574,2.2072152496063917,0,0.7540876701058625,3.499761874017767,0
1.2096488138413624,46,5.776112708745458,8.025007504330949,68,0.360222136816148,2.9221661784174184,26,1.4370799585362093,3.1593932621205143,0
5.175460927733153,88,5.239256656610758,4.761501737499273,18,-0.06039767597686918,3.643471516862963,70,-4.029369704760459,4.9622119524708586,0
4.932621536918122,35,7.340562810092692,7.013819296723385,15,-6.690484152006024,6.099639180581132,83,6.652351150353397,7.6572057377435065,0
5.35950313154263,76,4.308340340801456,5.911731100469964,8,-8.103205916182578,6.5886391239619195,68,6.879116479764072,4.730586570804315,0
2.919674238041036,50,-2.2364234158578604,6.7123131436350505,26,4.733690316233059,3.0954694575632584,12,-1.7137514728562824,2.549648458770156,0
8.438069362169006,91,-2.3677976009932795,6.871616662492903,33,2.4155769842348853,2.6857290528068374,7,4.493990003186303,4.82239049791738,0
4.352280432429308,48,-5.840548029821441,8.395245224494806,39,-5.713443340620248,7.59302252169822,34,9.911053115308754,3.665453740546279,0
4.623406283012666,73,-0.23773658606653747,3.7101161169061836,25,0.1646562723269014,7.602154242803632,36,3.1752699573150256,8.021272531266638,0
3.1999828603816782,50,7.439918515025777,4.439127389472533,98,9.141021216638869,4.960129512614788,69,-2.5850728785589645,4.316639153285324,0
3.137995992250553,76,-7.893223095132043,3.1092976412169278,52,3.5279166257278725,4.654405712924974,95,-2.3406288098776873,5.603862679874213,0
2.5545260805024292,66,-7.929029105158946,3.976743314352598,50,-1.02645033310643,5.493330546958786,42,4.204391326481465,2.3317128541348384,0
4.2133782964376865,18,-1.99983354029429,8.20101446118425,79,-4.503098865002642,0.8412371800459608,74,-8.07718861558483,1.750915454041754,0
3.0848363224867317,53,-3.4377560340463154,6.207605283940761,61,-1.5477679702811038,7.35505018478705,91,5.013461149629556,1.252684611099744,0
9.112934682450444,81,-8.905606870023492,4.295559665260579,71,-0.8198683139958014,5.883169716102535,41,0.1319146151885242,4.723637875643755,1
1.2230152392263696,37,-6.174046903785378,4.761107766911401,96,-7.160434181008508,7.799214467607137,95,0.3081198494169364,2.840398267920871,0
2.7433389036364124,58,8.385519928085252,7.60874377944117,46,-1.6205980551387569,3.021862920739969,7,-6.752148613548838,8.674081822787702,0
4.197171143085971,19,9.544520778825266,2.0521333921810028,38,0.8265435113571264,6.948157797209584,42,-4.639018556078236,3.927693173872787,0
6.346982556196649,12,1.0797531043416146,4.109440104084699,55,-9.410367775688037,5.121827093447765,78,-5.17914308493755,5.8815308874995065,0
4.172486237239875,1,-1.7641719847400026,7.965730215144498,78,-9.186648737786292,5.168245932134257,40,6.56037956695188,4.058795267821955,0
6.351926786005955,11,-8.789418450576076,8.537652342136854,72,1.1603968279305104,2.579318430816406,42,3.459913699935786,5.914130275328295,1
3.026392221419356,54,7.142240795075779,7.292578573916293,81,-9.124450489308405,5.587357463372635,79,-8.63162270498343,4.575666708992933,0
5.118582267789414,70,1.666460281260079,2.108627464704591,64,-0.9435908423724211,7.272955734023935,17,-0.5093582964030148,2.50802881286544,0
8.488082174021667,49,-9.037997057748994,5.082594024057047,25,8.3826437578135,6.3648871757609005,77,-1.7751611215399912,3.253969723153484,0
3.0645112086010444,1,4.933388090631379,9.237702147464823,2,5.618122214863671,5.369968733256491,97,-6.8977876923578,4.808743323131594,0
5.839135351790789,84,-9.27176358144961,5.495493177319736,30,9.391519544457996,3.023885289207496,29,8.198834030266216,2.6777046038698904,0
5.4138550385665205,99,1.4837578303090133,5.656200917814573,24,1.7713633840331653,4.597463177631073,61,-1.8873307538369595,3.9750082675733647,0
0.4969300280242601,37,7.933031407152466,4.869879830047407,63,4.2906800761663995,4.788192646998038,79,2.296359185955975,6.667639001442841,0
3.8220589070586426,63,-1.7490536363914249,3.523894914943898,63,-1.487465236462791,3.828595977567118,84,-1.5701742420023752,4.219263766432808,0
7.262303810611979,8,-2.577184709259946,5.448862267131915,78,8.639924857254407,4.618325630635161,85,-9.875766533056794,5.140273884226664,1
5.270155344969398,90,6.046550493433081,2.0978956232478345,3,7.3909846273881925,2.154318003264011,14,7.467134516802819,4.519406166936284,0
2.5754620742078727,74,7.80261397381695,5.5620700271554915,60,6.140863681108055,4.245050549422201,64,0.08213979862450493,2.8386716544818578,0
6.3815545458312855,88,-9.901213042819032,4.587561828286483,98,-9.260192114450165,1.606597572520712,13,1.3266241010431834,2.280384770417777,1
4.041754109371294,26,-2.165568582640618,8.46010656612241,76,1.5591972337755688,2.4724794717645953,76,7.158487557404566,6.6867489521997125,0
5.720101456161673,90,9.681173214126066,2.0845863139640475,96,7.005111769096022,5.211397741107132,83,6.610700446835683,6.973318631279013,0
5.753840228875261,4,-3.2758279313630982,6.271566944336101,85,6.442392079386444,2.339332973021799,0,-6.324019611630909,2.526719160212037,1
2.7626087977088543,80,3.3908036983738086,2.034485065474576,80,-8.591842414839135,-1.9225900025337417,78,4.276570309209404,6.756168027223588,0
6.579656069468597,23,0.9705615080949812,6.00443783714616,26,-7.935337117397703,6.342259403456196,57,-6.7512982443345,5.1474562377168604,0
2.984982397529648,1,5.60768116902128,3.9704179045427113,83,0.06926625618887172,6.614368799479836,23,7.213783068710988,5.946808184393593,0
2.38842826731672,38,-6.821208155601976,8.417811538210206,46,7.009908850719626,6.147907965177069,89,6.8681453686639635,9.06250343088097,0
3.234342024555926,90,8.982864038827937,7.217479557077303,90,-3.4803788597880754,7.576789917730088,82,-2.9361762925843315,0.856540287659584,0
4.3078199322736115,82,1.8322623902124349,3.520127556090357,2,-8.619403635530707,5.2647046439549365,18,5.187090685888977,4.067521990039704,0
5.218806312882525,84,5.4989839713763615,3.9516129440041063,71,-3.6982955533779975,2.6272301416569825,43,-4.347890794020035,5.5989731540801895,0
3.45483253525512,50,3.2100368425135706,6.478455913914072,78,5.274989402739692,8.324054742899538,41,6.813630148707219,6.702157085564762,0
6.489638624790231,6,-3.4921047194467008,4.5147882157486485,66,-4.3217688189762615,4.726535177078219,73,2.714518332161237,2.829891758062763,1
5.502928368087188,13,-9.139595085062078,3.645023390932968,92,-5.264430361836898,4.788638649204937,64,-9.254345563715766,6.315125756104106,1
3.6104035697889945,76,-0.7948309233031186,6.388551989825261,92,-8.619717426183406,7.508682228832999,26,-2.318644217208565,5.326898661469827,0
6.777985835189711,5,8.537327770312398,4.419773948108343,32,2.8578887936143698,2.748979966584177,21,7.854920716869792,8.009468974177175,0
7.322136715292967,58,-6.341482282572173,6.329482338929573,32,7.765372737952859,5.707709581908051,94,-0.4994623393313429,3.886536315390635,0
4.802630606380973,29,6.19482963547873,3.047721383113321,57,-8.128171452324517,6.662872317936529,23,2.463391874916967,6.376558561241776,0
4.570033910072218,78,8.865792694247109,10.322115733319002,40,-2.791324428556548,7.85579656693327,87,4.209402698727802,4.951627842523358,0
1.4524572934872966,87,-9.213891130335679,6.921596652779725,69,9.707733930963954,4.194551514931844,52,1.145012670926203,3.271233936480055,0
4.184974815217062,74,1.6941099023314905,5.186730713487028,93,-1.0325430843200074,6.567766565685904,47,-2.146036705548502,3.639381810933136,0
4.41698657486927,90,-3.061872766276503,6.16821832069104,72,-0.8044171655182808,3.2697924883455247,19,7.124628439240574,3.6326941543243656,0
5.490758814519384,95,1.484243351709713,1.2222738118217706,78,5.457554671646394,1.7647386695606029,3,7.007620571248765,4.757820095730495,0
4.663147136739054,96,4.308879879928817,9.50467918108445,0,1.3053390590156582,5.886325693616671,2,-0.571281478105444,5.3931889805204785,0
5.488053876280989,31,-9.765790410377642,4.424055742787306,69,-6.8622135677948615,2.3969473164254675,51,-1.9765561132317355,3.8889100971290844,1
8.068180578607729,11,-9.657617224391096,3.5660167035885317,89,5.438559277507657,5.90289273372151,33,-5.619089908553816,6.793334370151135,1
3.940171802732647,38,-0.23929456204943023,6.799596508302482,65,-0.12091164147484967,3.7708943224032514,0,3.480414696380672,4.378994674013842,0
4.018055434868306,20,-6.9766032776999465,2.52670684027539,51,2.9860036625899955,8.137524030848457,46,9.268770396951268,7.431440735254589,0
2.3816693713948367,24,5.363950346711373,4.393135664663095,89,-5.150655025772018,6.08000399376258,19,-4.653067842570778,5.444905275530427,0
4.982679066516829,86,0.7419300386517147,4.868445440440867,72,-1.1059715716226677,6.325791502972068,3,-0.06517234739442834,5.292397669317472,0
6.953625964939221,93,5.072183254458132,4.606040778398774,41,8.797790379245868,6.130950250083137,34,-1.955523910421375,4.18745056968429,0
1.4978593016152608,17,6.0230747005713035,4.455364384504398,5,8.62966561714293,3.7722747298112447,13,3.1213033998578403,6.853365786622308,0
3.668286065961225,54,-7.222879655261987,5.842848888515116,30,-3.5604605858326277,6.684182361773846,87,-6.369316938518392,1.1965141810325126,0
5.071881005007837,89,-9.563136575479357,2.3524472219859858,37,3.9571960675417976,4.204354521220559,71,1.1083722746315772,6.036479160599614,0
6.700205767048875,83,2.3430655627111303,4.426953382287742,48,0.791035184622892,1.572191119503095,41,7.93092170572535,6.466032566692717,0
5.765740478053731,40,6.211441344114203,5.469087119541369,40,6.970248556483906,4.273780949569029,52,-8.228049996879466,6.732194362763673,0
5.650927256364261,98,0.6295527140591677,5.464527760623435,77,7.861075042734999,3.4792859526413267,14,-3.6295583946013554,5.372796691345533,0
4.551374428058198,46,8.609284605617894,3.088867672678925,54,2.035932559218246,3.0587325340593736,80,-8.565968222532753,11.021941641049242,0
5.96374851403743,12,6.561210745251412,5.279865801064073,6,1.708327801100701,6.809249596523781,75,0.9540576653026953,5.327219712230153,0
7.028607767066922,41,-3.522444003146534,4.133390150411415,34,-2.201713699081111,6.561600743481131,0,7.492371454995421,1.0722253301593212,0
1.5820164469015934,2,-3.8928917253157325,7.360549351445925,15,6.487009519409902,4.782082191685481,14,1.054982031812008,5.002018250264691,0
6.457070801670268,32,2.715878122613347,3.4971618225598404,18,4.610494709475358,4.318380532349222,18,6.983222844721205,5.419427022304715,0
4.802480388266574,43,-8.646482443095984,6.913728895032431,20,-2.081333446945564,7.154815458719725,87,-6.912812357657496,3.4132759458923205,0
3.9400222715709714,1,-3.7299939633502817,4.875166886109821,37,-4.112645778489783,4.676436661111554,72,-9.321186505502396,8.259617075621716,0
0.11384842824137031,21,2.56969219210921,6.799119032509246,47,-0.7636287836459665,6.334972322366916,14,5.851221831216586,4.457000957630398,0
2.2392973526914015,67,2.4205682001819024,4.391009566862156,58,4.672606830287684,2.6777854485665875,16,-6.54745488025918,2.9266930728303544,0
8.396117984494502,39,-2.23110471033287,7.653945664997381,83,-2.7773596812099495,7.429309135448908,89,5.815023814468155,5.347016153052523,1
3.622902935072891,92,9.89093626150363,6.076884929384535,91,1.7420199724250658,2.1164142720642234,27,4.595171953801366,5.31757835612146,0
2.830462457493836,93,8.974680722426672,12.359281680488772,91,8.173460865473995,7.550640326805521,35,9.654332658900614,5.968559378171359,0
4.087148087712815,13,-7.403119263071072,4.7388259428577335,91,-8.145088446958923,5.963334645289528,5,-8.7791967376274,-0.28060429787626084,0
3.5097055562828134,65,2.0424116070843112,2.397399013392351,2,3.4447505074416895,4.332611804326737,23,0.6767984853052162,3.355392685136656,0
5.248717265237831,15,0.2623899210283973,6.822810936804787,33,-5.785047892345581,2.562958777265191,8,4.491493072468218,5.774034252854667,0
8.033947356493222,75,2.688393242763105,4.858918152389909,69,1.7731675106492268,5.890038590771201,52,-5.935067919215831,7.325098840149032,0
3.8267680982955725,56,-6.216172653982444,7.087344620862629,85,3.5242369913465748,8.045789608321158,65,-0.16631879569080787,5.595730981109435,0
5.308580101103742,38,-8.430343601469076,8.038320045392139,7,2.2837849143822737,5.7783643085430105,76,-7.211409974315708,3.398813711133845,0
2.7055257175195293,37,8.24507106164495,6.917623171061138,3,-5.080470275142421,6.65036094741672,75,-5.883626725221109,4.710501756852719,0
8.040332884413065,30,5.267263473694319,8.29752083118829,3,-9.242245103065121,8.637733365505934,72,-8.796511540456798,6.922412584657102,0
5.37808688482822,95,8.806150904043587,4.306805006756528,87,6.260396588927144,3.621263012620083,46,-7.794640798094152,6.535665533029378,0
2.8363617534187604,32,-8.129146684012456,4.485251390000114,78,7.573430937375377,3.5856357736029,24,-2.784219981400411,6.472244357280534,0
6.808612440269285,77,1.9570430789706865,5.103029564956722,38,-6.4201316984367125,3.1825547416549305,4,-5.316502272738601,7.651959289020288,0
7.399975297165227,11,1.527971802794763,5.161672214335295,61,0.5488299033871264,5.98708971609579,41,1.219681194088631,8.08602248679616,0
5.322912726815271,81,-5.211204790428139,6.622578115505271,59,8.669428013727124,7.4658027216851925,72,-3.7762691880194854,2.7336143366629386,1
1.721206064918448,34,2.726395617393596,3.3563442859943873,18,-1.09182895673192,5.862660536931424,12,-4.582966940966459,3.671851397812036,0
8.570337627032949,8,-5.8701022438036565,6.12384256620685,90,9.195564991169366,3.524037408114969,54,-2.693286098043033,7.562031578986284,1
5.620245041253052,25,4.903692323878152,3.4872118718494596,78,-2.643400069865713,6.745052899275058,78,-5.597181209590838,1.9052510252187758,0
7.340908594722906,11,-7.922407742752422,4.899802179487625,52,8.325894798628685,6.82583300084173,41,-7.893279125144521,6.978294099513406,1
3.8982135897657155,74,5.724091707470835,3.4528526375391912,9,5.372525458900668,1.3671884831432304,80,6.128765376246431,2.0096464842780013,0
4.202752150532199,68,-9.026031121110991,4.8258528360999495,62,-9.618957930218881,5.606518276714852,41,-9.023690519064685,7.267521532071131,0
5.22090621858113,7,-2.5990624915509457,4.226128246452385,91,-8.98316241333746,4.458161540767334,64,3.39557764231599,5.239157835772103,1
7.22680335607176,96,-8.383665610041975,3.6948154488396376,18,-6.297409605514755,9.2439605293909,35,6.580527573973626,5.330151875608042,0
5.285980056334322,76,9.61478095830477,4.364081689058859,2,4.885589820655085,5.416080082616384,59,0.01785985591760131,5.758554525542311,0
2.486332374932637,72,-4.637771823041376,2.980536073919108,38,-1.513539155057643,1.4117843803390113,95,0.5686023424799931,3.144928390373318,0
5.523978393566682,41,-0.5394520376395011,4.778796552954065,30,3.2674639338447715,2.935976119548486,96,-4.002011904711395,7.663339444939493,0
8.259068389021534,35,-7.736033625605647,8.710812593024542,45,-7.0090931168923465,10.084575094701961,2,-7.883859413285834,7.3821898962989625,0
5.131612564925662,72,-0.9123656498543333,3.8458909194970445,52,8.124587983182824,6.2833619673159085,92,-8.52530670260344,1.0343677539721874,1
5.258771047552965,58,2.8584388962478986,7.02851527336885,1,2.736853826042786,3.669746099064806,86,-8.015487332136962,8.787278112560998,0
2.4749125144323605,25,2.295379996658351,4.2034232547479995,83,2.5518386676134988,5.323295146646282,32,-5.010255947178555,3.1454278003486826,0
2.194021824554321,47,-0.5594831004678866,5.559842821972139,53,9.679812560308264,3.3252455682368494,75,-2.769926627603734,2.250949653699199,0
3.7246157223735166,42,4.569802458348102,3.4236710278094185,99,-7.227366687214971,7.874292170741011,98,-1.1791668001679128,2.5181251150525146,0
4.346964706762553,62,-1.160312945318104,5.847576671350037,5,-5.4939896190943855,4.657562396429618,94,-6.7500011621360345,6.408491159425173,0
5.20812147002056,83,-3.262862278120746,6.271142897283867,25,1.7316149984993618,2.26175018278372,59,-0.12793807544615454,-1.6320208332465818,0
5.331913948948353,91,7.956095868412721,6.153348677340388,65,-7.125781074693607,10.562404806642261,10,-5.769673440610257,3.947503198593333,0
8.203815302033856,87,-0.5593403704231132,5.021770969500088,78,2.819248038526812,5.410705937070977,49,4.702153480404217,3.8182114622304066,1
5.11737487689982,0,-9.405923573755306,8.310437981455546,0,2.2993212301240824,4.444543782027982,48,-4.571671679493454,4.1338776303750775,0
7.128845376821815,53,0.3593208221015747,5.06234269014819,30,0.6200114190863122,6.819972180915457,27,-7.26735552689126,2.089154375490752,0
4.921341330710169,88,-8.589551979041044,4.654914561620459,44,-1.393181476521363,7.686877429661781,50,6.569489933620677,4.921437066035864,0
7.897807223251522,57,8.30620355831513,5.844358213854469,59,6.6442839172439925,6.763680592625592,72,4.9320352410527395,5.139844401083077,0
1.2592050425055983,10,-3.4636958031736143,4.852029587511119,66,5.560751449960495,2.5352067800892506,4,-5.73548566169374,4.032336015856837,0
3.8025364666431414,68,-6.095584864928682,6.043094830404315,64,2.159839306146001,6.220047344964667,32,5.907955431473537,7.194759233910725,0
6.966066792518482,77,-3.73874964382445,4.3218084983112,96,4.470716493035027,0.6637560014930628,44,-4.82789191805757,3.014668676757595,1
4.656807989486569,81,9.026041502777716,3.5389942409265287,94,0.4646743276833156,6.735066864039103,62,2.2407693246360267,4.535858659063518,0
6.863059226775931,84,-2.7107248387976712,4.900829959371245,42,-7.191028778583841,7.579203414542228,34,4.696053532176755,5.770934180840947,0
5.7701322055545425,53,-7.399200560036485,0.6653918620085975,15,-6.85231718810636,9.369688967035566,49,7.539827411651718,1.7932241832521751,0
6.891753967426069,60,-2.6774140307724803,3.955267515083433,79,-4.243477257387296,4.47209347901551,39,-9.886835032485038,0.7096114093688053,1
6.226135456057687,48,-9.095390811241959,4.13022479602203,84,4.078091541290778,6.6347852426394,84,9.78894079256342,5.411139362004775,1
6.347297867627501,54,3.438271845452066,6.077740809416883,43,-7.33115157266033,3.6359305297490456,74,-6.655269040886498,6.745596703846008,0
7.9849107743031,62,-3.0457877855204485,4.329376562335205,32,0.524000219987089,7.640815262318,14,4.334048853586172,8.565602499549556,0
6.9729480374018795,68,-4.4901811975085,5.152262819962325,93,8.016430873477184,5.76337869626652,12,6.5244509609950185,4.842667346928149,1
6.987613414272819,77,-6.04353246946336,3.5304378336507276,19,5.969001318385562,3.3234195133065274,88,-1.1579805914746188,5.071190099606402,0
5.040837517571153,34,-4.332059239859653,3.29118059205674,2,4.207686517045326,2.638026163477373,89,0.7041416817062522,3.557646033292926,0
3.8362995803662554,72,-4.292452596169261,1.056616705216077,17,-5.729253406957535,2.004516057747992,15,-5.328396566827367,5.691385293686144,0
3.680879823455407,10,0.07648434319144748,3.7546422665684887,8,4.918830179920921,4.997200112169096,88,-3.2066646514552843,2.471632864600582,0
6.501889194379361,3,-8.52401240723492,3.8011556318761075,59,-8.49659766978238,3.117030142468452,9,-8.926382420065085,6.14806152215929,1
0.1230788719099527,71,-6.69810058042491,6.878858937085323,35,-0.28230538208016753,5.741486055933672,9,-7.0166556868103385,4.767156355375293,0
2.3856436233914287,50,4.090921871619216,3.304471061130739,29,1.525583688654418,2.3310591894115755,30,1.8585288540344909,3.3492263507752593,0
3.0734926282424198,63,3.8080133178310156,2.389671242521094,23,4.5845048562403115,7.42636678646733,89,-6.218903201644263,5.932979057688102,0
4.504757242612766,91,-1.0979528907011034,3.4160033460176003,35,1.0002331287479578,7.629572000585714,37,3.083445828164038,6.374971517568882,0
-0.26287607361666776,77,1.147474106899363,4.443839469428604,45,0.9745930774859737,2.820404857935458,65,-4.868112426451107,9.520609636328388,0
7.517442605178665,44,8.845916861235384,4.918925402471859,85,-1.9330214801748902,3.477041738037773,83,-0.7327375078532476,5.334860915935843,0
6.200350472659188,65,-6.376224279411364,3.588582105205912,42,6.9990701473306025,6.3296703211144525,40,-6.392798749101045,4.486515120779976,0
8.969164796917132,28,5.1764474066007775,9.689278031471789,14,-6.945394753332675,4.810461612010655,55,-0.07380989547333527,5.613567249647323,0
7.124428937845564,83,4.2442087324538225,4.572227835874668,27,-1.8663573687902222,5.695708969582984,55,-7.900091891003356,5.635771625455824,0
7.060758662304056,5,-7.898853932501401,6.31995363595054,99,-4.6938823854925875,1.85241815835523,34,-6.691139813403215,5.077769306718868,1
9.501352062061734,11,6.050813958784801,3.300094640469337,56,-5.170754665915432,6.1557928317384745,74,3.652755413858035,10.039620218353502,0
3.8580838262851405,15,3.642507005816878,9.543263578865258,6,-3.4603262028161197,7.982657288395694,75,0.6686240565533286,7.6552165498966165,0
1.9930832015012112,45,6.363742171078247,5.079369501439098,57,3.729877759633016,6.78276790735317,37,7.133180635601345,6.958807002756457,0
4.53528520701452,1,-8.929699803959592,6.584996438703596,7,-6.465704842835218,0.9157081835814118,16,8.96926949463937,5.353862686033895,0
3.350015892305679,39,1.4468393413571121,5.87646487145211,66,8.08801626940869,6.778824602294907,19,-6.98352730517419,5.352968670624956,0
4.486309277951106,4,-1.5374227705907941,4.484294211097603,14,8.469708975040394,5.89112183334882,56,-2.9331056668210014,3.9821201423418575,0
2.8995620194838194,46,7.644294808390647,8.449938857513065,92,-2.6464383755402725,4.778532345844065,6,5.359916753310083,1.8657707917769182,0
6.1357601349079935,19,1.6935600603773047,4.470152321071287,85,-3.9096039988515034,5.830509465681503,63,-7.924726385167138,4.90086879235971,0
6.025965699197449,62,-1.6415985204292909,0.5084538937116374,48,4.34683364501951,5.430736382563579,70,-1.0450730698354391,5.003220975040918,0
4.946154818863455,11,9.829683241939708,3.846654918945248,23,1.4659316398625517,2.5528446781946186,78,-6.794633075409376,4.166327105048973,0
5.62316300676576,15,-4.057592716976397,3.6923395581931793,60,-8.53086065113034,5.440768970220834,8,1.0951961232749952,7.20723012005178,1
4.715898545741634,29,6.943991997600044,5.680924828769707,66,7.3187028713723095,6.585912725182338,28,3.4606152848407774,5.787796408616707,0
6.504067336534563,19,5.316947527918019,9.305903003413302,44,8.296612998869016,7.652733031286585,5,9.827240826972453,5.370358883468897,0
5.139281498970712,84,-3.7213726189298253,4.98068768426966,61,-7.43476729105971,5.4998232118592325,25,4.69452797180532,5.929758445441935,1
4.469108750208454,69,2.7501474254552036,6.704140942758263,71,6.102264718826014,5.055182028880353,52,1.1495195043793984,2.6040312951867244,0
6.859168939885421,8,9.22419594845622,4.9252982288012,60,-1.5834956767027375,7.730813504525588,71,-7.735744830327864,4.410965070018747,0
7.5216425384535235,2,-0.9984316988667672,4.01877576366625,32,-8.962484237139059,4.161737515353583,68,-7.784959311104296,2.982300336090275,0
7.674907651282425,19,8.212970820290085,5.531947625325171,93,-9.11647196303391,3.663750479764783,25,-4.349193051231417,7.00162444947047,0
3.0194506213610364,61,-6.41244076646019,5.078853734322072,26,6.594911462601001,5.978727215924768,71,-9.955289091106268,3.7298231949660288,0
3.9311055839166054,96,-5.433502150988277,7.246051373070886,43,-6.200668846144879,4.0397731576902585,50,1.3486790013878007,2.37527645243622,0
1.597007810504616,36,3.2427255792182823,6.400814630456289,36,7.932253264911605,3.5886941071691068,94,2.995216624229357,5.59018557696857,0
4.522869963592788,56,5.826778116137302,6.72089359948513,89,-6.573026975890737,7.476492383352852,46,-1.5131891734611607,7.492235804568061,0
5.832247628955251,16,-6.897457045087738,5.607318477383357,4,2.1620999598146344,4.073229396128555,69,0.6585112752141598,2.3361722012487762,0
4.73439765097605,14,9.993428378506934,4.988377645092206,56,-8.204023437450571,3.4337686225913435,89,-1.7902662405377505,7.128690528667622,0
8.861701734096604,18,0.883138230446388,8.807939498910715,91,3.2362288225442786,4.175307076690025,47,-8.476128790406538,4.649381946493866,0
4.188313249777286,76,4.70830492016265,4.683782411080167,9,-8.336380667755583,3.3300919079382783,58,7.410538640138682,3.6518456800406502,0
2.822982889022142,49,5.515323046627641,3.9301628641387056,20,-1.0542909506697526,3.1892045388616483,27,5.317640434381094,7.926095228176671,0
6.137008413335751,22,9.88631756398549,6.323404602001336,45,7.555372907440827,6.586903864665956,73,-1.9613974208809477,7.413411387368164,0
5.299867656996321,87,-3.681227915130405,5.37020680794951,40,-6.79869559041455,2.8944651345452495,37,2.3909574998701455,2.624361323068658,0
6.099285191600771,23,-3.6471116790158646,9.03804892601394,95,-7.553371850654744,5.96439142380551,55,-5.711365094375203,7.433625750210545,1
5.607575861572379,26,-8.519953112627924,4.8020031617122685,16,-0.03183648799490513,6.644826965170488,57,0.6867181563914144,5.5287810721893855,0
5.487531521061747,22,7.019603870747165,7.662685128409484,75,4.518190928570764,1.1486138807474657,41,7.523375230699866,5.616790634762883,0
0.7554022339148165,75,-3.6695981798657806,3.797306260113923,64,4.214826946126166,3.1536708758652487,73,-9.82403366608641,3.3878820377708507,0
3.547771944965308,10,-8.119639901201829,6.228892256168233,33,-1.2111059782783418,4.792747789503344,76,-2.9662685161228186,4.248102135595866,0
3.8193501640942715,71,-6.273599429803964,3.1307331345622975,72,-4.253855295208964,5.4068314025590976,23,-8.791044403658006,8.22052203670956,0
4.304071324130147,23,-4.71849572053628,4.62319091247,86,-2.65286276148853,3.1899733416558966,11,-6.698662945930889,3.7120717445935436,0
4.103216723078118,9,0.10739548539520705,3.8955963648040735,0,-4.427415488918054,5.0782494692610225,76,-7.743045444751129,7.867263426177611,0
5.8256375233753825,87,4.833398399368864,4.159452392542519,87,5.48500435837706,6.188358909789493,73,2.625171819053641,10.542154587182896,0
6.201765017384039,74,-3.5618571961919843,5.369630379412898,34,-8.346240383599959,4.1222145223437066,97,-4.4503249976145725,3.594579801960874,0
2.736718146497695,32,-0.8978420720513078,7.7298497025249855,7,-5.338894518678366,3.280281697416592,43,-7.466865983440496,6.135598751318413,0
6.373608813589356,92,3.180915267927775,6.781596629370216,43,-6.971855950601745,2.491386568578805,20,-5.956268963940778,7.145548443421241,0
6.171536277334142,12,-1.8564386643292625,6.729828529602964,3,-6.3199420301152465,-0.12946342627999297,61,1.116247302455239,5.365185174578521,0
5.931540132076433,27,7.595003805077017,6.484892636071949,37,-7.121214179791839,2.6993013789689626,20,-1.3477761888072841,1.7785606008369546,0
2.1642110239406613,68,8.17587845277718,1.9559476599034276,81,-0.8851595473738954,2.0547878907709705,10,-2.949384172181513,5.23753550936143,0
5.881164600577999,16,-7.048349118923327,4.211934396790869,38,-9.67711251711053,6.797690228363097,13,6.48097040481116,6.36359249854874,0
5.16519083907254,35,6.212878911151272,10.542795670038144,60,6.070852891816525,4.196880077403553,32,-8.14906446856356,6.793626914949486,0
6.921760150427688,19,4.100154821914595,4.623945844071247,51,9.255015163366302,3.8580445362492313,27,-6.716860685458892,3.039259973826262,0
8.568713590602606,67,-0.6665355285098862,3.8419542265371853,59,-7.010259726333816,4.934256213009552,43,4.82432642669432,5.786702224835182,1
8.176135771188523,27,-2.3666737927442982,3.0625127335978837,21,-5.807529223655498,5.821398199179415,49,8.959242983389029,5.752411075440513,0
5.225288344479856,53,-8.133208631498626,6.040347525244459,84,9.05628629072255,4.937462642834644,8,7.14608689668712,8.269987080134484,1
4.996250616548459,61,-4.5703137419990885,4.699027337382357,47,1.2085257121063506,5.73908748745211,8,4.3875134662408115,7.221866825130013,0
6.263896568018666,15,7.905271302651499,3.922242977607535,57,-8.683367934745496,7.954294280623162,81,-7.686731506277713,5.793137684629195,0
2.769920093161119,52,2.2439859872849333,6.031853334020488,73,7.840059453338803,3.5553340266195543,45,9.887225169618972,8.077958009114571,0
2.098633716790399,93,7.515652658011607,6.530924778684366,28,1.6676379795140157,6.141713744252063,91,0.2216291966357815,6.4243396400314,0
4.054938815950003,29,-6.072360502341869,6.573476266897893,16,6.3729488051742,5.427613808815348,22,9.084108452013211,4.113347269678415,0
7.4411378274290545,83,-4.194320821454378,4.261996857879386,10,3.766965559962845,6.739669220783998,90,-5.136823967896431,6.017188234275901,0
4.337743403435057,31,-1.984941359390982,4.81838311475174,15,-8.515469407305007,7.286719292688552,89,-6.287152747272666,5.078065983366125,0
8.00516181161887,45,8.293500145648533,4.507060098259061,38,-1.9947385617852564,5.313125494295543,4,6.685698397458136,6.1198787122116,0
-0.5762257661700048,25,-0.4848969031180772,5.839403694336551,11,-1.7928537536214062,2.2652477327997214,13,-3.054571406285427,9.32476334219384,0
1.825587146424739,2,-2.6173410852903123,3.9164015003034445,14,9.873916735003586,2.1340891049765203,41,-2.3732253597537323,3.9937657903668478,0
4.7526225342886015,97,9.850137179014627,5.643208221945078,51,-8.195622956042858,4.523925301366746,20,-7.240497847431775,6.600029621863202,0
6.776389082681751,9,0.2686738493580947,6.742792837959392,79,-2.52019305128351,2.07289669462921,42,6.98823255636432,8.163816549039396,0
4.860753802559815,36,5.60715327019447,3.540207361812956,29,9.112830732792418,3.777767713464687,36,1.6809936688451081,9.565826844842547,0
4.8086945110134005,80,-7.897843973383805,7.1543884737527925,73,9.089595834016542,3.2640795568474363,73,-4.145498383039619,7.182918153005167,0
4.756517009485816,43,-1.81344023768769,-0.48360662279347455,0,-8.503104750070651,8.144797942906308,55,1.753571810501846,4.366562797614828,0
1.4742045311978509,93,-4.070222570882118,3.8138006890083958,47,-6.019271679909542,7.169142523554429,69,-4.102955328166001,3.1677161768865707,0
7.316137748879706,27,-3.6916748608170185,5.978033394279651,64,-8.35689295799009,5.951088114835844,33,5.367914233379453,3.2913713788647168,1
3.6344705603252576,86,-7.014189171745788,4.203722466827474,33,5.89619977726802,2.6849159976458994,73,-7.1110852310584445,0.17466169933873577,0
7.179065314428906,12,1.4530666582279785,3.9496431533325436,81,9.101831657235135,7.309521645083684,31,-2.787902094192562,5.857183752609025,0
4.8589531640753005,88,9.028448301270657,5.087445055823262,44,-3.7396947357619625,5.8343577374459015,36,8.935695755702284,4.5154016823932155,0
7.136320774658163,17,-2.58503963880597,3.7752061557545415,27,-7.3435659830008415,5.802537348929737,35,5.774065484022223,4.857469900941871,0
5.686515961955132,91,4.934788905446762,4.247875873074928,85,1.2721415343834295,5.039893766760509,56,7.463974465936001,4.233229196713962,0
4.786651018883515,98,-5.972867076423305,5.631692744312668,40,-7.053255743416629,5.037406087441405,95,-3.677461136822984,5.120177170957999,0
5.452523294137405,65,1.4252259776680347,2.8301829013905544,65,3.1147106944660496,7.559422797116513,35,2.844230996914977,4.117790332555973,0
2.054044781776848,68,2.938731204944709,4.134095295827553,67,2.7556670680780506,4.001802382977583,32,-8.797511628895094,4.8436138822117325,0
5.01205865434207,47,5.320790394072997,6.480889823342679,19,3.731945915677695,7.131168458797458,39,2.975744966983857,4.675990982966816,0
8.432080644224262,17,3.369496986448082,6.9305146745815955,82,4.686734882552422,7.353314942463118,86,-5.562061695374925,5.667152813217035,0
7.616387127977431,43,-4.280472277797487,7.170910429846076,32,7.083053029631255,4.843481526819207,16,-6.423849623684772,8.216276256066285,0
3.029952834603856,36,-1.593955081996981,7.293667252256019,61,2.508448881890377,5.990324696964457,65,-3.01638215967011,6.210657192124621,0
6.011371702675847,58,-3.2079659229040285,0.1677024604058266,93,-7.085606788902941,4.902228886041913,25,2.741211185559486,5.410772082241237,1
5.4959597694950775,48,1.9253216850493153,3.0534346396640317,46,-3.876960615757479,2.5970448023828605,55,-8.588754916090233,2.6359003177718625,0
6.634376560234816,57,-9.237076719982639,4.473123253651805,64,-8.389213724883422,4.386636990268798,19,-2.18581508668845,4.671945807362593,1
5.188305771044424,97,-2.8656946972174087,5.858839184272677,9,0.34203935482264214,6.445091775140419,6,-4.946727586728246,7.871760213781431,0
4.5329920137398,10,1.7302436997437738,6.911740613120287,10,-6.454606547909667,2.1441956439298275,64,4.180611614586509,4.7209747205693695,0
7.661261552721297,34,-5.034957955519999,5.937465937168199,88,9.203288179262422,4.00850093521217,85,7.566284817140158,8.937659313001316,1
5.43279313654402,88,9.151621116184707,3.14875048582537,81,2.2776498629142505,4.651756490897947,15,-2.2633587556065553,7.107933563345419,0
7.510928643892628,28,1.4141651866049099,5.381963529617439,26,-8.914470877993919,9.138791792623447,81,-1.4354898628087938,2.781657997604854,0
6.948772406688988,63,-3.359380154151223,4.42217896584345,17,0.8259751111198526,8.05679929414987,84,7.801003390735421,4.518869544904274,0
4.351025516962184,64,1.1487786300449958,4.1145045935088795,9,3.2951024072409076,4.490247980886028,17,-9.064920593701462,6.086508756499818,0
4.665999451285681,60,-3.6422092997562894,4.575559030466966,81,0.4103239805940273,5.478800252901117,69,4.438784448108109,6.968160297871593,0
8.859664867998045,75,8.556110576591873,6.157118360839739,31,-9.50495163234123,2.8458523409779652,66,9.097580865205817,4.616052954754235,0
5.382964650879824,51,2.6411912192953118,6.225012336593361,65,1.2962515023741172,2.4754599830773363,56,-0.04738257632384091,4.094382010422236,0
3.4827431532799515,68,-7.151674997628563,3.950815758238108,97,5.681551795721386,8.03498222024215,21,-8.476778425513134,7.372628624808412,0
2.599913444029953,87,0.7919093439599738,6.901324554178922,67,1.165634075218854,3.4155220668038355,78,-1.057949074681428,6.587013058474389,0
6.948264870515514,20,-4.580139551870317,4.065990982887693,20,7.1613795329971275,2.708335579278562,83,0.7277358463156176,8.39014605782302,0
5.320587442192546,64,-1.88697878024713,6.891441019903436,3,-3.654897259597851,3.26174475091227,45,-5.80505767150477,3.9627971018014234,0
3.4158160989420328,23,-3.157258613127267,2.2440048372709076,14,-4.016829087055207,7.005815963754787,94,1.478021056561028,2.3320480226698566,0
6.349169662473249,83,-8.765265215336335,2.3325048808074453,94,-4.419470669748263,4.082231037887465,98,-7.032570980253383,7.275023941613473,1
5.3194973901118425,63,5.033625828077577,2.586464670741121,89,0.0747622664389187,1.797618853304038,6,-5.721601346130396,6.243388286601214,0
1.679049858474086,56,-7.419250324694708,7.446047613936058,65,3.511326559303832,6.761964069801341,73,8.387668820150953,4.514216072146261,0
6.177371109421625,79,-1.2882019642552134,3.7166718377675596,45,9.656669148308367,4.6567095023926885,59,-9.658829197638765,3.0129463350471504,0
7.666381405686467,75,-4.106073292478952,1.5200476331016617,84,-2.447261204997684,7.098881793637068,60,5.479046316557042,3.27898512223866,1
10.11970046126494,89,5.1010074755395145,2.153577221899234,52,9.429252952304555,7.3418498161224335,28,1.4402245087691732,3.87477761133365,0
5.069805128124009,5,-3.1107854292204618,5.815359192478721,29,-7.100669876303534,2.429614141735716,97,-7.2891416167070915,1.2822518183151859,0
5.465299316421093,18,9.2629564628981,6.636395710274886,6,-6.344392364638757,8.601564954475823,78,9.846012873047915,7.20239647289468,0
8.21319361046961,67,9.597312484989786,1.3800773710627334,35,1.4918073043829416,7.047884450876481,94,-4.565602087323248,6.434915860638081,0
5.337444533872958,4,0.8586764573304109,2.688502867340256,99,3.4931555048957605,2.8302305564144286,14,-6.151830537538256,3.965136963368925,0
5.550683726159845,25,3.687511757276331,6.701606922711895,99,-2.5755735608868013,2.295594771201285,18,-5.0503213862291,3.3567203783927213,0
3.738763217138848,94,2.4081965400605014,3.5265841731396996,49,-1.0166668900463023,4.676049822617592,1,-0.5057770806760242,4.91214931119111,0
2.211249774573621,17,3.5506662527301245,5.214457019338537,45,3.4239251479009347,1.3168515765271853,59,3.4040426692776027,10.389343794785976,0
6.825375871639711,8,8.6953520970034,4.173885129519229,56,-1.5300382288466103,3.578579182759635,51,-2.333633168382498,5.738199161144095,0
2.452859526375512,33,-2.342859969771678,6.338780184946229,13,-4.451141637596995,6.014314155200487,12,1.7315279862468707,5.487657645485266,0
7.281312485894926,30,0.08934099231231407,5.535667632083041,62,-5.35740871348346,10.586412779362774,87,5.125498733473837,3.1467295328659235,0
3.423668882224681,38,-7.918013244018258,4.6413528285967605,84,-5.670432399393556,4.760018819174228,52,-3.2159075000710002,3.2939332671031627,0
5.5304679167965975,16,-3.6739317506703113,1.2164213460272277,97,3.994888078184246,3.137121897597745,12,8.029451153250108,8.232680666511518,1
4.255456537283428,48,-6.798337708004841,4.59122061645321,18,0.7274790968538252,5.319083861529971,49,9.01229101887892,4.060935963032761,0
7.349200475914681,46,8.962923764814086,5.105743767118968,3,8.700687453586255,3.700868896791211,87,6.312445737005131,5.725414025478131,0
5.601692804413162,48,9.375492558261811,4.578546528230546,1,-7.467002235463127,3.724299447541818,7,-5.551699364721836,4.737278909202624,0
8.918190705014283,35,-9.226374294118727,5.721150182371673,78,-0.6771893100117872,8.952929651747919,37,-0.23973005227393074,4.441082838362788,1
2.8326446412808366,8,4.040768116895414,6.725103352652173,29,8.362993117592637,10.942754779352214,71,-4.7730029461508305,4.084289598530823,0
5.827726163071514,35,-2.9289654983499496,8.564809281601324,70,2.812584850116737,7.657648821715158,70,5.959241395908727,6.475325366756866,1
5.094683761814266,70,3.4244182636570244,3.6886969943012633,18,0.24116535510802706,3.1790326914860616,84,-6.474221777682523,2.6249224763778187,0
5.559887142513846,65,-4.994961481631018,2.9819443119904334,66,-1.2492568509934916,1.2530471082815415,92,-4.223217001141856,6.974099794864349,1
8.191842343220898,65,-7.114644128800888,4.8728461703516714,91,-0.14947691920667694,5.653934149887922,76,-4.495791998380881,5.00677205427544,1
6.170636060184572,84,-6.573501972417364,2.1092973381581213,42,3.9862474855020995,2.500935626048092,85,8.730138987572367,2.0526039758656243,0
2.704949182645586,75,-6.201766734508018,3.764610118731213,26,2.0423119319284133,5.8714178243015835,70,7.097865218753235,3.153687672794435,0
6.067021636679658,11,5.29896418541135,7.544584700193927,56,-4.99850418140122,4.901329518679705,53,-0.8254031654202194,4.11813883789471,0
4.168761247688499,41,3.58844481289076,4.167942705915474,47,8.91604261309919,2.917189330112722,12,9.350439667878401,3.066447723574333,0
4.053290059858419,3,-3.0740523928276353,1.995992646592212,94,-6.535995130786936,6.406694414910822,16,-3.7411485145939842,2.585097910374333,0
7.0917146560667375,35,1.6459089682974728,5.103529870129115,94,-9.977104525286155,9.128245645191779,70,3.394661500614152,5.777855345369032,0
3.795320033947543,54,6.6007325287964065,9.423825500854758,21,1.430333162384711,8.301905044219996,54,-7.616355272976798,8.376904694531074,0
4.240539344839728,38,-0.5648990513515244,9.630308825597725,6,7.968760237320147,2.3372108083416965,40,-7.67321604992574,5.368552625270438,0
5.064814508807741,4,7.742219723606251,0.4479439399016609,28,-7.229371977444375,4.9936294628748,40,-4.5740136561746,3.6828297477682965,0
6.892371793490776,54,-3.2693307545331844,4.508370757693507,20,6.643758732571051,5.689278666009844,87,8.022249585865943,4.221950071492381,0
6.163179605722378,25,8.946542429891064,2.526088020275502,40,-6.7262308900487096,2.953654642078874,96,0.016008825737763743,4.652070668089041,0
4.531170176164257,55,-5.444188012338391,5.616319009533979,54,-2.5380301614473977,6.59552999995227,67,-5.173185823099566,5.572685848114561,0
4.455647068625214,95,-5.858677989149967,3.350886396175018,9,-4.484414614912888,5.803412386216502,32,-2.912295476101468,8.907632038299752,0
2.679740676932943,56,8.177948116392415,5.253381155522539,61,0.6745389742092449,7.45934977365167,45,-7.47737652075815,5.8015829009475315,0
3.4803298228146735,48,-0.6411661582491206,3.408557269781366,71,8.088603377743315,4.826716019919337,11,-1.5015067317231754,7.3373179270103,0
3.6912378283590135,13,8.327671675482385,5.804061046180085,57,6.200144733239522,4.421182119219171,79,-2.089021499787931,5.674374001178316,0
4.701418116505109,12,-7.405352265086322,2.726522023004589,94,9.77354954663696,-0.5712286100934998,18,3.7713225093610436,5.391057007951123,0
8.973526074338324,23,4.654420764421223,4.5876886896635645,49,-4.317881037744877,5.501115805883009,94,6.196962626042943,4.133016270769239,0
3.6490611324271365,81,-7.099642536445625,4.953851598921191,69,-8.17243475106787,4.792863487017152,89,3.8665982133904784,4.295748928530865,0
4.408341864188722,12,-4.833035731160491,6.5303699335094425,55,-8.642621834768466,4.403817793998267,43,-7.143247089786932,7.374389225184014,0
0.8952031900467885,46,4.177283678520997,-1.0666660050869403,51,2.9071291388975027,5.49775131804115,31,-3.4381698907892737,6.790177644437794,0
6.201142188621015,55,1.8031381825649717,5.750538067063042,46,9.170631528070992,6.375773710982689,19,-3.441344390761085,7.320456478221569,0
1.8451024123459892,31,-6.209651026816008,4.930991693926789,24,-0.6742258835557671,1.5893199148451531,25,9.900933413382454,5.428997888277618,0
3.1868209556712856,39,5.013966039427498,6.251017801184472,1,-5.680588806999161,6.423820956675508,77,5.86647002960672,4.157951469866211,0
7.084670736881986,23,-9.845805426049914,4.863350033976038,47,-5.984746356683328,5.37686792720709,43,-4.800282747655231,7.635199495147871,0
0.7901431408420754,17,-6.0716689213935515,5.322804126671718,49,9.290807824167043,1.2479741285349517,5,-7.764505921936456,3.0796033763475625,0
5.19184082479048,13,7.099266591964124,5.126555232020947,69,-3.5357528132349962,3.693162325154503,10,-1.5716343877136616,3.586511605922573,0
6.601859293330254,31,6.889102639096578,3.57967067572958,65,9.116104624062299,5.283320260938774,47,-6.01586001123361,5.436901413476584,0
8.050888472880555,89,-1.4664440501522673,2.2237318431093134,72,-2.4758833974801693,7.558822110614923,75,3.9383125278627755,5.492371761568957,1
3.159813783020773,68,-9.294609659133004,4.752768281990039,62,4.52112016582884,6.235454247667924,26,9.810884806642072,2.874730769056426,0
3.75195029952027,65,7.22186535141261,3.9733715852885245,12,2.3828542566200905,6.927644535965591,39,-7.307618392933126,4.567254463399959,0
8.608872646805203,95,-9.83284581873064,3.9398056629922356,5,-5.484033107911999,1.5523532901497505,20,-9.921643275221765,3.4084966909551166,0
4.949879710836805,1,-0.46542090447371365,4.582231425769513,92,7.2042180654323005,4.012099802770364,67,7.176532825709366,10.633035663333763,0
3.5274721314606565,62,4.494990390841419,3.5098390496207936,69,-4.09904499147097,4.761652180424127,6,7.446641260752475,5.048398676986467,0
3.5650283253855455,59,-3.308649439063444,3.311834007035187,36,9.89465170552264,3.7459433784256824,9,5.141991333712836,7.969456717143384,0
3.0548873528650686,6,8.37759060365807,1.1749062048143455,57,-0.7517344176018774,4.534024205130291,10,4.0684288464463805,5.387910471043768,0
4.120655589148014,14,-0.9114754451949114,5.380331715196613,79,-5.5388231814112405,5.524697242735766,5,-3.5657967954545233,6.122564959508968,0
7.176440952898689,47,-5.005115864075636,9.679428098064669,67,-9.775822018991407,3.6886648990141353,77,-6.887303398021649,4.19931028315859,1
6.775532137146928,93,2.365504240045233,7.312718317300283,72,7.09450743626229,-0.8086514872870065,32,-1.0743620863597059,6.729769601013938,0
2.651459394349311,86,-6.723055852786959,4.8739031458934585,18,4.596544134428431,5.849091473899628,96,-6.26516704582883,8.718841239049047,0
5.42917214940847,90,7.517564858458172,3.566322141118234,12,-2.7062649506562186,8.564510259152168,36,0.6155148797777983,6.520072813397767,0
4.195680529854965,76,0.9788568519540952,2.7888034348333686,68,-3.6471992313763435,4.215573261100125,58,-2.904701076960303,4.202506211926622,0
6.564880808208884,91,7.075690807743726,3.3780624466876032,16,-3.5152519362184727,4.60622425514016,57,1.701204432778404,3.5374345932731934,0
4.687280545541402,90,4.639866444266946,5.564067219012438,48,-4.0105701441295345,1.3079020605267035,85,9.7028988672689,7.3343928108567695,0
5.7430493635995346,29,2.3929433939897837,6.053325848100372,66,-1.3053306305806185,4.350328166437335,14,-5.5867575690722315,3.080137739095136,0
4.682789586083001,1,-9.594253420193134,6.025186659980646,7,-0.13003452056102205,4.063863522558687,93,2.2659433159927254,3.851173338849052,0
0.6258281387235547,93,9.82951819649513,3.056669397561473,36,-4.563671483754332,8.727154361445013,82,3.2628477061242975,6.6174105806969905,0
5.094004890737289,66,-2.20369019230896,3.1751334166085092,51,-9.281482709430493,6.085822159656319,74,6.795728093892301,6.02927673834862,1
2.4565061009398264,54,-0.730003786173425,3.6920758978926798,0,-4.870195063979343,1.8054366957276713,71,6.473087684659038,2.47206231860718,0
6.494256823353682,21,-1.3272193592431236,2.938094261641783,47,3.7739212556950648,6.040464920835851,82,-2.647762814137713,4.660213457897256,0
3.6403442152004244,92,-7.537372697035214,3.221303789534076,39,-7.8833453782060126,6.039956958107723,42,-6.488179587304552,5.258597660858237,0
3.789974687854021,13,-7.100689948122037,9.377044276004309,65,-8.591313445819637,6.431079991858924,68,-7.746790811091191,7.046783250215553,0
4.982194349975395,14,3.1187444784385185,1.732390079052621,0,-9.644341884312915,5.73362708120238,94,3.5521796525244635,4.921809751817006,0
6.155587908448761,49,-3.5320556248400203,3.2876151102446065,59,5.330307640260843,6.859260236384805,40,9.110515382429831,2.737323545072311,1
4.660512364401742,13,-2.4222806848195244,5.233149929238868,20,4.7035021888576765,5.178062799504819,4,9.281050030409379,8.930666591459556,0
8.28436554409004,33,-7.83803628501107,5.435139142751931,20,-1.4890961834664793,6.460804191690967,59,-2.9407944275937563,7.488437126357345,0
8.297635722971616,2,-8.760767802739897,4.178884674209745,87,-6.743897172214748,2.185127533846843,74,-2.6682050957930414,3.5707271241484824,1
8.430937184339982,43,-0.48977628564677467,7.750964422501859,62,-6.249074628122193,5.8509289467951096,83,0.9194860754994494,5.501454106895,1
4.531362550882465,16,0.40681910323925763,4.405507364649706,20,1.2608419239194024,6.409301553111094,50,-0.05704197157370139,7.452347853501188,0
2.0360830877942906,47,-5.953101243032486,3.6158117072483034,40,6.023542624760466,3.655826149544403,17,-6.309730780322265,2.176969799781462,0
7.440157028476558,34,3.1751261929320798,7.729999753227542,77,8.47836200318988,4.048093459536038,28,8.167496554830436,6.0795336478927595,0
4.167309429400448,32,8.165984899474342,7.859340512306806,78,-8.439305034004045,6.946721918141922,92,-9.075755540281223,3.8971570304099217,0
5.076332624004015,61,0.5617331720814533,6.114859346147748,76,-4.6668384191670125,6.091206728424996,66,-7.015859979907635,3.370103512804369,0
6.25664020571034,96,0.49191504460643465,3.550620858841908,82,3.502779343510987,6.0779223087905585,50,-8.160924735361128,4.595256037192498,0
1.7911271989746957,60,-9.96392101537313,7.862608187559212,97,-6.649343787182149,3.0463697654686337,31,-7.4792760897251,4.635812886620826,0
8.258242410664995,86,-0.8834216573557914,3.6782311624485233,53,4.688709661211474,7.022212419594568,99,-0.5067322798882774,4.03612853108264,1
6.749924658206615,54,8.745884177782465,3.7054042515740604,90,5.855002596209369,7.694825261883518,6,-7.80371093774999,1.7999812206987338,0
5.704543164142946,91,-9.463348238322887,5.410064402204093,38,-3.3788378430810706,5.64049461078704,43,-7.125685234407701,3.7873796530596606,0
6.781833500957382,16,-4.757124260590524,5.951341490847977,82,-1.94869300355772,4.185318100766741,98,-3.86076878806999,4.474219637115327,1
6.113905078654695,75,-4.440388038464153,3.6557799173762056,70,7.545385489147645,5.692202394189935,60,0.878045694830405,3.5444661017863943,1
5.233656231138156,57,6.347731253026307,4.740544638548188,18,0.4285226827393025,6.497868351299934,54,4.699843969995282,4.403282700821401,0
4.38445135571088,72,-3.023401672650561,4.6573410407252425,77,1.8459898474019631,6.692675288617541,88,5.530485828794408,6.012498350100591,0
3.5217154512884354,8,-5.487932400503121,3.7333907438927207,76,-8.316035685006408,5.12662394716798,90,-2.079618082685637,7.26895831457521,0
5.5744285618067355,74,-8.44188912351427,3.719932217152344,12,-8.98859058415264,5.2113943853115074,76,-8.67441118827622,3.69204408342463,0
5.72240611954335,29,-9.77508702238816,2.392410237728367,65,2.088058484607373,5.381817569775107,42,-4.6843981624870645,5.031792933448436,1
7.166397605376398,17,-0.024496851349212534,4.831085898372421,98,6.829290221192107,5.90354312578803,6,-7.50543492070769,4.779668882070217,1
5.401320017438394,47,5.463758418542772,7.802575466954705,82,6.603691464056471,5.973528273738061,11,5.123934883384532,7.2630769269364865,0
3.2935969684388784,80,7.958764664158281,6.41295042451152,85,-2.899453554027083,1.1306913983162592,57,6.561144515716016,4.356979521638138,0
1.847534305206688,81,-1.9441912424520051,5.7864860672067175,55,-6.406066111668451,7.0480671285694205,34,8.016140927015101,5.784295261097532,0
4.744875675980138,13,-3.978880942902318,5.506842012045803,45,-7.137286248328767,4.500180285232744,66,7.4878712109410905,3.9160044864848333,0
4.945083246620858,78,-6.451008906053559,8.474128495927093,83,-7.897830010799572,0.8767815282232769,10,-4.0748761862651595,1.9732284695853215,0
4.8038168344128005,64,-5.438978207495866,6.619451578681955,57,4.626338284585653,1.2645052145952311,0,-0.017596798341678266,5.52430023012464,0
1.9389742052887518,7,-7.899263626571937,6.075727532753889,54,-1.4945956130301283,4.159572160005913,44,0.9817019775368685,1.7156180695910135,0
7.148930281071015,10,6.474850673207769,1.5966049534015188,42,-6.771610188555677,5.029638956385561,28,4.486497976643712,6.6201063003477225,0
7.145259492467565,46,7.536503473594326,3.543712052416529,33,4.5967392229342945,7.024529766188024,57,5.392954616612688,4.860548295994708,0
3.353429670771018,91,6.209488357082801,7.205375348094376,14,2.1617042265222697,8.088696832542858,27,-1.2366796733534908,3.1970087286042568,0
6.611964223244309,32,3.598247603728142,7.2372454622859275,36,-1.1606821108717114,5.921982152856073,8,-4.315451839969969,4.352231300709596,0
6.905661723623313,36,0.29706887038121366,3.4862554266927184,51,3.1063110703869246,3.8939393584523447,39,-4.53451914622528,2.1558307142039324,0
5.0768941532953855,73,-7.342740733783963,4.095475136764702,73,-0.34446335388502547,3.650630984303594,52,0.9904909123735521,2.799075029083687,1
3.1030027476118462,50,3.2925328083244754,4.343424615870751,10,-0.9724535162466346,5.782777605436165,63,5.007087360580371,4.844160289116096,0
8.226763070522047,67,9.591954710733624,5.712870628571007,69,-0.030776790390646624,4.375209987960204,75,9.522349602230353,9.425693449033387,0
5.761842867544453,20,-6.018732335666035,7.809513595143695,5,-8.74026269874534,2.337501860378034,19,1.474235249022282,3.7025015240314074,0
4.497925089575915,77,3.3260681953093965,0.056777347519204824,98,6.481550752937924,4.324124278311267,0,-5.875033547976745,6.768285640510991,0
6.545690791345817,79,6.243427176662621,-0.595902551870731,32,9.074518705975304,6.082578868596762,67,6.43048720685589,1.5991302767339577,0
8.244416975700304,48,9.27411652175661,5.080185969972246,27,-5.634066227510424,3.0376908842420187,25,2.70949386384779,5.841684657623334,0
4.005679706622269,8,2.0923114901252067,4.272675076730255,47,0.07633041390487527,9.124022624381663,88,-3.0554051153334854,2.944725260250878,0
6.382845090513578,40,2.006249555673982,4.605658179366535,96,-1.4016148395591053,4.074164007864029,20,7.910256731225388,7.365660503730936,0
8.886320341449416,40,3.3695492047419933,8.091564215675666,43,-0.07998479713384121,6.240994659767133,69,2.4109680272741763,2.0653535641431686,0
2.7668703315290406,65,-3.494780908283217,4.9714980734559875,7,-5.730834319310205,4.8728016384919695,78,2.741949157662706,7.79136934898037,0
3.901492822543874,30,-0.331984432961697,4.484565098512765,28,5.975487591723816,5.010497824308182,52,-7.368897292564736,6.195932947059235,0
3.80428983881559,96,-6.9903428360360165,2.6842487177196377,23,9.355376651855071,-0.2954663140696381,27,5.701318826060044,0.04902550576054043,0
4.683345725901559,47,-6.094836894228289,6.139103595054689,79,4.743868899512245,2.536104110823815,70,8.498927037052397,3.4927082319109397,0
4.580052528231611,62,-3.974067852127739,6.207631798483966,15,-8.583882504869774,4.371886074851544,7,8.899418553145107,3.9708013541892164,0
5.6015908787341,53,-3.8541928007769926,4.890428144504006,1,8.413221454454717,5.380617058245446,69,-9.951917428729518,2.6514683540328496,0
3.359248959730526,49,6.3175181475977205,5.897461755687133,18,-8.308392775574813,3.714352737227646,36,-1.276832387123786,6.404783722385074,0
3.7546730222382134,76,-9.195776729333133,-0.6015256833070017,60,-1.4033362657120065,6.756042000348029,72,-3.069742005531384,8.541447019092692,0
5.602580967965151,24,-1.1673599691471637,8.209248888510222,74,0.7505572471833482,5.806361749420147,65,-4.90196339536535,8.00216178682256,1
5.3098237194674205,65,0.6186869265411588,5.071653283066001,13,-1.2499966098961597,6.750280408522448,61,-8.610263000771138,10.20111672669016,0
6.748159618320399,97,4.343802950475531,5.34249592892077,95,2.9527537162269866,5.648645819906491,79,-2.867435883012992,0.9469472380326325,0
5.818710049851281,94,-9.199640551008164,3.1527562327343595,37,8.345825376180422,4.3582149497653315,92,2.6038237581880175,1.7450657945058898,0
6.543693271121526,39,3.7386560250644045,4.526226839917518,96,0.02412611574580481,5.1354395741371395,5,8.934344059654418,4.676658358956911,0
2.714095920917,41,5.531687547063255,6.757612330920873,72,4.653243430730306,7.346680713607084,8,-4.022557642319102,7.128967339820488,0
4.233167377768434,52,0.0416796384240552,9.215734858978536,87,6.889141765568656,2.869406037694112,44,-3.026492664450422,6.648270558647045,0
8.69675990176689,44,-0.30585038748171556,3.7866862603684055,30,5.148707033885119,6.383194224995503,55,1.7394400672130157,4.913340159699085,0
5.784156093103339,91,3.285215385974304,2.8925510486243096,44,7.578906240978963,3.2702482548377136,13,6.075259634185638,5.535400641932408,0
6.494785923092634,62,6.556677155109931,6.731296238349621,72,2.492915641645075,5.047853846600798,35,6.283860733279937,5.6606912001620655,0
5.545469474325589,92,7.208612551326503,2.6490328449399914,68,1.5840047576481187,5.379293404099021,81,0.9349614080038862,10.405522005080933,0
5.8506717138575715,29,5.503035401734744,3.139974582562952,36,-2.406101651943331,2.5626581454066137,35,-1.9801930711700972,8.060547120035563,0
4.538191896943653,32,3.91218387428637,5.648390247053857,26,-6.961236080690528,8.093952754151115,40,-1.42523467184402,5.294993938272361,0
12.143158436052623,60,-7.818900380105527,6.359534112408698,15,-4.1931293278100235,7.399378752989017,93,4.449904691092687,3.292964804456174,0
4.207688155180604,81,-8.064599602857667,3.7707624718938426,49,4.744310854037794,6.304450388216218,82,9.386682554808196,0.7614778912855771,0
4.923357564513696,72,3.007093883910567,4.370017273528253,13,8.215185911381944,8.625998388794345,98,8.82096439763443,6.468013923622694,0
0.15032734908950207,45,1.825944173344137,3.9415742605439226,51,-6.9356806242475315,4.734581198934427,8,0.5461654074366997,4.814509272909491,0
7.212533315189443,60,4.2627784091000525,4.124020181420992,88,-5.1499785454368,3.2665721248831447,6,4.7797215481563775,7.571461090805272,0
3.895494100630146,53,3.0414169581801893,2.68512636697246,4,4.45747322428349,6.959423631971889,74,-0.48052699245559616,6.833450184311922,0
4.8784117879767175,35,5.999898904896373,6.27999026172522,15,7.1241915773571485,2.2159259959944073,86,-3.2614780656893627,4.1035148431572726,0
3.943918898236338,38,1.5693936629450498,8.10066921359171,60,2.4789664911369265,6.664381143018276,61,3.866529722259358,7.83381625855115,0
4.722634109450309,98,9.787226598044857,7.092044753924913,60,-0.4741276150136091,1.5117388101719178,52,7.853734995884018,10.436853803379396,0
4.43150580315874,91,-8.24250638597804,5.108714576691949,19,4.679747063090824,8.399126299376517,60,-0.6961285281351426,2.344802499213216,0
4.9139164484387035,28,4.249531429448922,7.2218595443215,65,5.13648618141522,4.94240464477926,46,7.0317846092579614,5.19679845088755,0
4.8943970346923065,72,-7.722318219426347,4.1862564988248465,12,-0.776528734844435,8.628838493010818,38,1.7779192625199869,5.286545224751983,0
4.691589377028235,12,5.437297848020382,4.770774623271225,85,-5.748197415816351,2.3801462018676802,89,-2.5430703448349723,6.580472859316988,0
4.664245546907441,12,-2.275806447406044,5.166139291777072,83,3.2291906257766474,5.040934434010917,0,-7.106450844027787,8.818464811278988,0
7.617036904652034,37,9.449799617801716,5.795748979164909,34,7.749532027372908,6.89081717253735,72,-8.618385799062619,3.7278736403339137,0
6.762833839518517,34,5.708238980558441,8.11696201383939,67,-3.974269086346773,2.802008079482996,39,9.500050393008603,5.978746029745537,0
6.774884636893179,51,5.487896370415761,1.519718517787421,33,-1.568308488688828,5.362118377195702,54,-8.423400892614463,0.06664832879330884,0
3.5351022377764485,26,2.2695770890896902,3.9939934960344257,83,-0.47503089678580324,5.546179829210969,78,9.80899378669642,6.048533664957859,0
7.5136416636967285,94,7.170651803721306,4.730855186470117,9,3.3908769025012013,4.96648172642589,77,4.044008733210674,5.617250980452433,0
7.2632890183917755,63,-2.40857243042063,4.173386563567557,64,7.432442682343641,2.134348334392821,92,2.944870128374614,6.1734049049711714,1
3.89319134239687,57,6.093290073908896,5.716084286021291,29,4.472770458767526,6.848040209140612,20,-0.4495494832894149,4.0717912188314695,0
8.047704034399606,58,1.3464458111986346,3.591967355110028,59,-4.94522571944062,9.427933987049489,98,8.984607559711279,8.020952471322534,0
3.633548114000421,76,8.866643581389717,5.305460079211751,75,7.374392744433088,1.396299573728129,84,1.45190034672458,5.307299778576534,0
1.3159363231898462,83,7.667705076840576,2.5018486038101773,2,1.2170989310471647,6.98055388230578,14,-1.4796272703093685,2.1438679953745665,0
7.203051972306345,37,-4.727146199382708,6.460207043113566,14,-5.882302400385848,1.789050040535907,20,-0.6996912564325513,3.738893105250502,0
4.760962439139849,27,-8.008950092131641,5.601365000044945,41,8.765013645912955,-0.6589649494167364,2,6.4297463454458565,6.396990811601297,0
6.953843129149965,57,5.210514518345338,5.468227826787208,23,-5.686175790499779,6.9965943988668045,54,7.505025929292035,6.6651267973475905,0
3.4915956745516175,41,-1.7434526277749551,6.152844992163852,26,2.192678869518744,1.8546924363548052,18,2.0932081915889196,4.015398733591762,0
2.476459976505915,39,-4.856013504463645,1.0854660614072844,46,3.8900782367002904,4.673364966984194,76,-9.6812677447879,4.857927152914479,0
7.46374357724794,73,-4.064679361124341,4.318879863099055,0,9.550960755044649,3.3348327608513157,77,-8.298763950268553,4.08689605848144,0
2.1854628732084653,64,-4.964551592443788,7.572474238751342,97,-1.9557394183403627,5.483355629931136,97,9.027156280763606,1.1016151019222131,0
1.8779389771252726,65,2.3711063625078808,7.260906133851978,56,7.58651816780214,2.252092870228754,67,1.1399380266990988,4.942940295325822,0
1.148826218471295,64,-0.6757627123564589,7.666795543653693,13,6.671407572397332,5.523368789751838,80,9.284597358966174,2.9850973735783093,0
-0.588944596615157,26,-9.399671730509194,5.823194380010253,28,-6.434476395335944,6.892214670309612,61,1.0844029340253218,3.2486360622326638,0
2.92179123347122,97,7.646437910842952,2.919377558162228,84,1.3671155929476733,5.939916270633587,41,5.898649762348212,4.215304472016234,0
0.661184083175927,78,-7.182660799269726,2.6450873228757223,59,-6.643555039470616,4.80147605468187,44,3.194490475456499,3.1941124599631943,0
4.928789030780341,88,-9.522552785996217,5.245424688175875,56,-2.7770643629964447,4.173366477745818,10,3.853092493237302,2.869992763429293,0
0.5271652993507052,51,-5.375263644816899,4.714044738169631,90,2.01672824521979,3.3381949221794978,72,0.8226741431256634,6.639068341915526,0
2.8114531616480205,35,4.174844924544633,2.075746632169144,21,-3.264925743184806,5.480335646577837,56,5.190321184506114,1.9674564768440894,0
9.664123992419313,99,-5.299304954709623,8.21945524017593,74,-0.9738734692181517,5.432340659102435,95,-0.021627820094877848,3.3427047170299753,1
5.690248481224144,93,4.586669210636387,6.577047363756132,18,7.336336966193542,2.2337347434673385,78,6.078433581480738,3.4542573094137925,0
5.105611350815453,2,3.5596350413811138,4.353135542274915,18,7.461703560014904,3.824763176226369,64,-4.1504321165290285,6.652199026522021,0
1.7584960393602853,52,-6.428310184696022,3.72780378518316,6,-8.896729722578975,3.83155040644375,47,-9.121194313363436,6.656478793772179,0
4.508804668102457,67,-8.719175769385794,4.695838639844446,60,-6.591034652895438,3.4632333595547635,30,-6.931631095084711,8.759012937408055,0
5.096217126273234,45,1.1656341781706274,5.91359414353711,75,-3.3230106418586143,2.6183533257385774,54,-2.4431779736971126,4.29673597829147,0
1.789638408425882,68,-8.070076180235874,6.840541666427285,49,-3.54128383927576,4.127066887364724,91,7.633397437382818,4.797721780294815,0
5.2523613617612375,35,-9.04255240452124,5.568706179394,72,2.035090926642095,5.954851116095358,68,7.570347267858413,3.3599330334341264,1
7.382464914130198,74,-8.730370942614185,7.14416723346376,80,8.421080841745152,5.384114212793295,39,-3.07333036993297,3.5206868342702853,1
4.30348376232124,87,5.416231959104,9.17774916925588,71,-1.7368844685359868,6.2515075594449945,33,-1.506124594901042,8.590096464614835,0
4.60552726319143,66,3.9671133940915837,3.6781651682539582,0,-8.244504819624513,4.137233389560418,29,0.9753002393790293,2.9942380709012446,0
0.9158071690091534,33,-1.2474304602708877,6.031196458893071,76,5.6381638792271875,6.99954649135242,29,3.304133191978309,5.409737615936696,0
2.2015322627808263,70,8.98310905631715,6.059961420134699,6,-7.855804315532575,4.619848445071735,85,-1.2185695867086306,5.398376497460301,0
7.115390202856432,74,2.0684460119797556,5.9687176081226045,66,-9.275139257128199,4.806864850719757,96,4.107613962229298,5.160485003955912,0
3.676898706838988,49,1.0370471753204509,4.016218160528197,18,9.741652945601075,2.2590676616571996,3,0.43700157772453885,3.915257610630361,0
3.140576731115167,11,1.688085170466465,2.590093918571438,49,-8.828107439139853,9.08705072278688,19,-6.601666455687479,7.913063773121239,0
3.614833768057286,23,6.718065194101566,2.573205122344936,0,-1.2840800923458886,1.237860647852901,11,6.859718690751485,7.093708179642242,0
4.88506774599834,18,0.5950699480429922,4.330585841939537,51,6.961500523721789,1.5809775818860774,96,-1.89798170886238,4.181667272326576,0
2.6831681782684167,7,-8.153044923295864,3.266595320170822,86,-6.905894991117629,-0.1287445022406848,8,-7.984420851283838,8.932430562721843,0
5.253033011940471,68,9.101599769295234,3.837744016408432,26,-7.7164923179138984,6.92564649194251,5,-5.394186157953918,6.8770072995033145,0
2.2799846457538817,0,-0.010663216093419692,4.789461802250617,67,3.7946664668509467,1.296731152975973,1,-0.6974990950641384,5.322739186869187,0
6.548000004151571,58,9.0957093018411,8.068778616169016,62,-5.347061141523469,2.3019518979092557,33,0.8920898954724006,1.9639905217638534,0
2.885888445320795,30,-5.57895878360489,6.424362056857335,24,9.095159451283756,1.310473300709742,81,8.038103432064744,6.082102574458047,0
7.6405366378642015,64,6.735146770637968,5.863370167981914,62,9.128460571658763,5.313101501235446,76,-3.35340418121286,6.382373841250987,0
4.979934694485233,19,-8.330374442717769,6.116835042861703,68,3.2130612639096583,6.782445585129695,51,7.554917486531071,5.442362708381797,0
3.308711143209541,89,-6.1070053928165,5.137561260253529,51,-8.9253191131019,5.473567056300674,36,-7.272304583651623,4.8188310235397545,0
6.822921219164631,19,6.97699701627921,7.808810210000115,83,-1.890714061359752,6.9719555379185625,71,-6.091307596310768,5.079256562670041,0
2.251006241793775,52,-3.2744315842732092,3.174873789704715,81,-8.004231386501711,3.8949410508709965,72,-6.3253152555925185,5.603941447981752,0
3.9058687099651808,50,-4.229843985434611,9.969144075022005,7,6.02556949217718,6.8329792609585205,77,1.775193101027261,5.613248675934695,0
4.999848946778769,31,-6.7509652908889635,4.06750713796444,38,0.7293146774451937,2.890864466570077,96,1.061597986002461,6.449712211554541,0
4.757666393423582,59,3.664540196561779,6.857678263986744,46,8.542837995168505,5.275988055734343,13,-3.766463376990295,2.642554931369621,0
0.9828290632587482,45,-3.5852779017099383,7.996694958191607,11,8.150398404762619,5.75296129236107,7,5.8048380352111,5.280955103644665,0
3.1587069147732674,88,-8.267761445898836,6.214885175770414,97,-3.478902524155732,4.830880962712938,96,1.5726836112846865,4.218007463575297,0
5.3364686848468645,46,-6.400984178851088,8.586383890650044,30,2.1606796249392897,3.990207907391654,61,3.6561536467753797,6.037581630722046,0
2.3602168812801794,93,0.7643669415224963,1.4251028145090787,11,0.5659840941486323,6.151049625930553,60,-4.528609843501236,1.4358809861480202,0
7.532858597331693,59,-4.997207341977101,4.230343095749744,40,-3.8319463077939497,6.924011946152641,75,1.641380767711592,5.615916545937804,0
5.990361777571972,87,-1.36094401450044,2.4157383346241197,25,-3.81104732568315,0.2513262948923778,73,6.565946901462453,5.43568203036039,0
3.9715192185778587,60,8.999513974036788,7.803204107001003,50,-9.517621655356477,4.101491731093009,71,-2.2421305252546064,6.133335696144164,0
4.559415069399872,18,-8.160863555465683,6.205105516787032,92,-6.694273129946469,5.0301914382296316,19,7.691354398484524,9.414674798150301,0
8.723128247663636,82,-4.480277157793198,6.662163282147453,11,7.132769766051116,4.855388499694131,74,-4.95588486397279,1.389534230071492,0
6.871976901752634,85,2.9679729173624487,5.4721186477953765,52,-8.806852910520435,6.865063239681627,15,9.053355193065975,5.669010097677327,0
5.760438289732344,86,7.837215287594407,0.6872320819495874,51,2.424317319425759,5.828752965079453,95,3.099740630199877,3.4970901574565953,0
2.1689624591314476,20,2.845474765393943,5.947606578632506,24,0.1367745426833622,3.536587832791386,39,7.445358057100414,7.941079554348609,0
8.259222637291916,44,-0.5430569589961785,4.545427669271333,44,-0.308066506170654,3.0193128804116895,2,-2.0221197028588893,5.2066294317696435,0
7.104802137747956,31,-6.260934071341779,6.317156654294612,52,-5.9455822952175215,11.747592735100085,98,-1.7007179037469484,5.8524937848812035,1
4.7031892248802585,93,-2.8218896433323053,9.328672483044695,16,6.641966902736858,2.9640120071936513,76,1.8920511262862565,3.9533938513589004,0
3.9006038615824306,16,8.795525915437658,5.685341256144157,94,-4.403965540371139,7.360516340920754,54,-9.294851487324395,3.0300050634328692,0
4.624192122446455,37,-5.200582381561265,5.807710204064692,20,-1.5390537453706123,4.8618818877514425,1,9.143284180547372,5.725871675400229,0
2.5961266382660524,58,7.242429005176682,4.550377542836018,17,-8.528377545778794,6.105804197946425,5,7.994309683776066,6.146059507311864,0
4.058428884585319,0,6.247338599544218,4.119639901472577,95,4.613967120654179,0.8034013333440422,10,-3.010141937883832,2.30841316153692,0
6.526321028309032,21,5.17792714035965,2.087195768887478,39,-4.62547908909001,5.1317044494165245,42,-2.9121497381666277,5.479639642972591,0
1.3847574455148561,19,-0.9624291422823728,5.654517675107189,28,1.2478004024424134,4.636757407744216,30,4.981872660442026,4.961603401916596,0
4.371851251515451,89,-8.925214147087917,6.0181424388198925,62,-8.452863902409684,6.882406290904472,28,-2.504638386861167,5.301156993485963,0
5.227511945759675,51,-9.418771672224803,6.099578606348018,0,-5.909644960712517,1.9471968120690963,39,0.18641156237679546,4.516805206991517,0
5.207136074646657,14,-3.3900442118814222,6.124481662804493,99,-2.08375684376775,0.5857400744326888,92,3.2952990409749425,4.156777943693028,1
2.642126091933149,40,-9.76230695313718,4.552151394758123,35,-6.01844290260985,5.592702636892788,50,-0.7566035280639749,2.6895746348445506,0
2.635694217345879,73,2.8911249555074683,2.6377470487756347,21,5.602021569286617,6.236602356279749,48,-3.85039626721956,4.0203502797029165,0
7.178330764916767,50,-8.409730775291528,6.885690764923735,91,0.3697991072144102,5.378359231403666,33,-0.015664750509365888,5.951293118336161,1
2.550941814367418,59,7.6452667380769626,3.1323462692805304,22,-0.5768049506976087,4.834504044405534,9,-0.850539330267166,8.865319169665078,0
7.017301912616873,22,9.413165096588475,8.714802427487855,9,6.413236583786677,6.276736379948406,60,8.093320894945183,6.003407194209905,0
4.035269369783017,62,8.648650058415779,4.474738755984323,7,2.845037612368415,4.16989484061025,41,5.226315953628669,1.3653491789860102,0
7.159592700601872,40,4.554748469381561,4.27034893523629,91,1.5127948391563386,5.972248737554246,91,7.239536504450289,7.231842871071299,0
4.157842989189972,39,-2.554696984119362,6.7497766567347295,97,1.9449493793983734,2.3818067813432897,70,8.998125853839433,5.7297931835522995,0
2.66705735876739,8,-4.605695530157385,6.983563020821183,12,1.525355040979651,3.9937425005573703,98,8.488352431535965,7.555813566429,0
6.713109712786924,13,-9.787297776091181,4.966769670153504,22,-5.725703108510443,5.876168567055298,66,7.297255940174679,8.870837700853187,0
4.965217555539605,12,7.075397764784846,4.854015028030639,93,-3.6641104020635407,6.168272392456533,82,-9.649333448497915,7.510526811879901,0
7.897153170648902,7,8.597486970200656,1.3346977670737812,18,-3.615636442045787,5.00746664266863,3,-8.066331725921508,5.653479695979673,0
6.784400170275676,18,1.984209955864415,2.9460646365927787,50,7.045497447767048,4.331602454183168,19,2.2552185992323714,5.008741555693178,0
4.541146742112407,29,-9.864244919331517,1.6394690152018594,23,-5.515571358959191,5.491190711319459,16,0.2813660413075638,7.077986149733153,0
4.100664796674052,91,8.401191510989026,7.77891619414994,21,-6.538813297820523,5.6180836380661905,12,-5.161450456921786,4.283741341815943,0
5.046744686574497,90,9.637581368944346,3.67783341268602,96,6.714574759632772,3.718627562271943,70,-4.613758070605895,4.7776839072490445,0
5.380420035718379,6,-3.1844198892203845,5.120241058005092,57,-4.187665981275184,4.956104319053312,11,5.11667592213281,7.049580792567491,1
3.2365029465363824,43,5.335486426911958,7.0408472023429844,91,4.120864762996693,4.2378424268976715,50,4.292528053648869,6.945781471824397,0
6.683879146049153,41,-8.695367313853522,4.416093956317951,10,1.592351714678724,4.522378450252282,82,-6.918636582766768,3.935004760450772,0
4.205273016379206,43,5.239536954694268,8.594039826273567,15,4.543552548166188,4.602306930187659,69,-3.700588667684279,6.635797939109134,0
4.153944509693376,89,7.472874301127828,5.423680233850451,26,1.891387896818049,3.309022689510999,71,9.826342252312177,3.2095682561914263,0
3.9186233252549942,2,-4.345351384909946,7.373582296654899,71,1.1772783027753793,3.656782411891351,59,1.2885765688023945,3.9566926524829027,0
5.462034534686743,68,-5.623534910762709,9.35996276191989,57,-8.61838293971461,4.0668470665376155,62,1.4036995011495623,6.256626652397998,1
3.6158947965582895,49,-3.2947701855923173,6.430181737272909,34,-6.7548108086046295,6.6457928998709805,20,8.54572948120462,9.376798729302308,0
5.2699402199805885,51,1.190720126763507,7.37236119740478,88,-6.449951082058119,7.325153700393031,11,6.684439820734465,7.247335144863999,0
10.533206142203742,83,-3.062452000504317,6.059028416517608,87,5.2103353609546055,6.49128931802044,29,3.495254515795576,5.499873713017699,1
4.892781079857316,92,-0.7145751965271412,5.998487410497,69,-3.4565540301484976,3.102698746856169,0,-5.88120223707346,1.6839194361057395,0
4.1319905234027035,82,3.316522594421416,7.44687785166138,75,-1.8329069025967453,9.034259743751909,19,8.76087354060665,4.048878169380524,0
1.664621543704198,24,-5.425368037347129,7.420303595523778,90,3.0553846555785213,1.5716756466989752,69,3.5208978757734126,5.366899070440646,0
5.100443849528139,76,4.332795550872499,4.836516460644064,47,-2.110601044708562,9.091498139502402,87,-9.246776892598875,5.8012927700660235,0
2.7815381135007877,78,8.214931597482881,3.1173640902058506,56,1.075214377590088,4.473916241783922,4,-1.6149471216260896,4.495747763888318,0
4.248883762056854,23,2.0712248059589484,4.373241008443299,92,-0.3584140260571971,10.70789783718156,47,-3.5740495213471535,1.5872339999648046,0
5.3032151872942865,75,1.4024113720161662,6.94059105134599,84,7.422240778593483,7.365983294093244,48,4.493296809213414,3.8294057049601227,0
1.5380211003556963,49,-9.117852641524555,2.6395126257706245,15,4.921048905485378,3.269750829870675,31,4.775091151511969,4.7337760703633,0
5.314925504796917,56,-0.8457962543375359,4.379286376152923,51,3.9752188846893795,7.223067823541022,41,0.8787968304020222,3.406440048412322,1
5.609030350852089,48,8.491240979222052,4.4270918159289,71,4.307882120794117,7.102094890883136,58,9.129784241860225,6.050829462663854,0
2.405799960666697,72,-6.2120803792235595,3.3141221478318537,55,2.7646492028734198,4.489355668169373,83,-0.0852666703578091,2.9941635140528198,0
4.215381615741825,84,9.729092129145528,3.5443821623062375,50,6.867302922934066,3.2952973974050908,11,-3.207083295899631,4.603018920764596,0
1.338667275644391,56,8.290845855218937,5.403259687967458,81,-4.521426357273162,2.0028976129787224,70,4.700684225125638,4.110335600933367,0
8.15100187168481,42,8.671377251866218,6.175758307770218,65,-2.989794089295259,3.8523093442684324,63,-4.034700502763839,1.0748703757648643,0
5.66112655309769,15,-6.153545814251011,2.9200481197888104,53,-7.913308207812442,1.7350329434521798,71,-4.742549375461551,4.179178588209837,1
4.640822998041795,83,7.892203781669032,6.384632398942191,18,0.31198268187145395,3.3727975643099244,13,-0.6159215433730303,4.799583362792703,0
4.6731283386876745,91,4.171029627688709,5.537981267195251,65,-5.1341590693677635,8.489762250169953,4,3.31764403206893,7.054895870310967,0
7.262887216131537,37,3.3474964096981257,5.929004260989109,91,7.053824976292631,6.370646636781057,80,-9.0456194427784,6.246892934211774,0
4.811668896158778,76,-0.7217575293866965,3.350575046894064,25,2.66541369418184,3.571486192021594,26,1.2453683242723823,5.263138234607681,0
5.661633542551506,63,-8.389846256819878,5.437021084508055,40,-0.48246451661853484,5.555256423855641,58,-8.85941875274682,4.414992477025484,0
8.03725912073099,72,-2.1670175443075523,6.453064493653733,36,-6.939742829180577,7.7573149176689995,25,9.52302799971035,5.885269815642951,0
4.307665703995604,59,-7.256891779276904,2.7850647756692455,71,2.0642824827145105,3.9667529162075823,28,-6.433936128952129,5.568136951900623,0
2.8147293509865356,28,0.63878252651498,5.604074180610444,51,2.077927048060502,3.5253223690382196,14,8.038599923076909,1.2249460410528963,0
3.3509988504927577,27,-8.635062211451155,5.721544882135698,2,1.5966203596437225,4.705184071157652,25,-3.8507820296344875,2.308120554131953,0
7.857327668878597,17,-0.10251137629842866,2.1436496800612583,81,-8.190183024532516,6.72402027579699,32,-7.249878198100268,0.5187457750079032,1
5.182856617028114,58,-4.96607983319326,8.587910842810228,4,5.184297808185887,3.2727933896195127,92,1.8431648623291519,7.102831916351429,0
3.9953374234606516,18,-2.2400825110870333,3.156562037117659,2,7.811616873243551,3.751548051179121,21,6.6749557874024354,-0.49838812905345975,0
6.947288759598318,44,-7.32279073237166,7.905095857462649,70,0.3370172756772032,6.548127929683822,10,-5.633667481868743,9.29030255350256,1
6.995914771354321,46,-3.0195620823164537,4.578523232807991,44,-0.6765430751340347,4.867806449255982,70,6.9400293960749195,6.327332200482252,0
4.048704464187122,86,4.912579067378468,7.799078051882652,38,-6.768010134755789,5.72498134658873,66,3.9693941470704015,4.771532486443209,0
3.0561263258290987,84,-6.573884568763553,8.293309461959467,18,-4.8725877547459895,7.244587283084532,99,7.4129473291140044,6.4544191437995755,0
1.8589427978775799,32,-7.980746330529618,6.843699806509684,94,-8.9396091115107,7.335751475762336,21,1.9974640972029931,3.08227111814689,0
1.412222158147526,87,6.90548124070958,3.314070321673312,84,-7.617631684055266,2.795429392349399,80,-5.7107910270862146,3.401742432270465,0
4.470027096308006,4,-1.9728876499425159,5.866206856800381,99,2.0398800362608522,4.486952820290933,54,4.118714651833486,5.743117393953111,0
3.213608105926414,99,3.2413399714062514,4.5988655248368,9,-9.726478141778358,7.773568247184822,58,-4.509385206368204,4.086921671505557,0
8.716948819612371,61,-8.67529539226618,7.085379868032993,31,5.090259586287315,6.650401132432661,79,-8.150959697363312,4.720891228069299,0
5.117075509390048,95,-9.143312621449738,5.611988102294671,34,-7.282250710632459,1.3704240703030806,18,-0.07079064567951221,3.614983732165766,0
1.1157009134976796,83,4.545736702446995,7.943321106668111,0,-1.264858236912069,4.25158517608872,83,-6.623319895383144,3.9967434961480564,0
7.837458551020125,97,-6.620578389441947,7.066531202931504,42,-3.8245664675045603,-0.4219428140050612,52,3.55107497487192,5.095938795062561,0
5.323420618835192,80,-8.399091516390785,3.084797906650255,68,1.3571737643144477,5.3827911039165,5,-5.171830928664852,7.790611889280994,1
6.409958960746211,74,6.80605907976156,4.357470804809633,62,7.661531112885097,5.801670220497751,5,1.257440322831382,5.2612421581094235,0
6.364069553666821,53,8.955551452047093,5.94917883065923,11,3.900263336147173,6.229251612325813,63,-5.864997206341478,3.842370489053382,0
5.593113134573079,66,-8.026430835825577,4.962855671830051,83,0.36080981105292764,4.166862022169944,22,8.361670328820033,6.102319867598792,1
6.046685260869087,46,7.8920714117699475,5.750069565021596,2,2.737831792181849,3.6294576242729852,68,8.106089741935623,3.4792202489997828,0
5.4775213434594106,40,-0.57371791789582,5.199796856909795,89,8.964568877679927,5.9413774317626675,55,4.601877292932242,4.394083133342266,1
2.787228188069126,35,7.675213479330175,1.6865085790588337,87,6.8395557960776365,4.901750613680442,43,-4.375299130793186,9.611360795851915,0
5.733464396284948,44,6.668280986743262,3.428773509597109,55,1.1043784984025038,8.043118726427466,4,-4.318310020799321,3.1999504263692553,0
7.047811009985081,45,-3.926029804789417,4.921844508700834,79,4.980732758480489,3.5641794372627915,50,-4.607302729885383,5.7576216346079345,1
4.5798871747083645,19,9.180998795096698,2.390089398910963,19,-2.7500975168066555,7.439873242509693,18,-3.528857290999598,4.353612857960691,0
6.102604436139511,51,-1.999083548854932,6.8359322651954715,8,0.6175312656296335,4.970933732116366,68,-9.15273467603055,3.865325557391059,0
5.839178290396124,64,8.839969021059755,7.042753518173925,83,9.910338010843628,6.108885961148994,95,1.6147101762037188,4.370305102479906,0
8.631304127838215,76,-4.979831368578839,4.130215537120243,33,-6.580935259677851,5.678068823871922,68,1.5191917094082985,0.9828432508579006,0
4.494499398600479,75,-0.34934497755720706,4.902616133475318,1,3.913221426974241,7.46403543215526,38,-8.02274213368567,2.8066592958598675,0
4.415991674459518,67,4.484039954496668,6.277672546726405,12,-2.5738777406469593,3.5835805291453333,74,1.1297749057973405,6.387122067312878,0
4.7661365197065,75,1.9470834372349373,6.483458791425091,83,4.873490038544224,4.5817159493438915,37,-5.980945490822272,4.48019688502062,0
4.79521784979262,92,3.348628563562359,7.499570968953073,89,-4.993564409238511,1.3570953225048377,29,1.517891481060417,2.370344154554251,0
0.45476457809139603,51,-8.136359831427363,3.6373244360258483,38,-7.603179239814701,6.692127451793956,58,0.8340671352063485,1.338511788667569,0
3.7147803170668574,15,-8.777236850001792,6.662454759876763,15,-9.348015291754187,6.650023984728332,16,-4.819176500046409,3.9903332247041075,0
5.599770133091546,95,2.561818744225569,7.2876441351283265,52,1.3488125685239147,4.18378051721562,98,-4.7848667493610275,4.401945302923428,0
4.983486970664293,47,0.19574411296370542,3.3032166633929516,35,-1.6569318403742255,0.9115417589379655,20,2.4556289479220457,4.797811549041334,0
3.4013216916057347,22,-2.8826520301890346,5.198698988305185,14,-9.568559370158043,8.736291175095015,70,-1.9644868047776054,7.5305969914934945,0
3.6704414956492384,1,9.460263439951003,4.161019096104832,40,7.99362132756664,3.5334854642908757,14,7.847702638318033,3.628856187810129,0
4.288773743406082,69,-4.178301533267261,3.013558397633089,77,0.21136930381693553,3.2911625597041247,75,9.383102552739185,4.8406143973572835,0
3.396856438395159,21,7.413900720879358,7.44434642876444,65,-6.772465236332863,6.4555314131086625,34,9.626622369765656,5.281605012853164,0
3.973898779113199,93,-1.8458476024320412,9.41071154229337,64,2.2009360681714334,4.833536500178978,90,-7.128092637793911,1.247813110576251,0
3.9212197610429316,62,-1.9238426495803012,3.3253195078126856,49,8.769943114736847,2.9168193101294637,79,7.068007470927519,6.519248402623933,0
6.790741693214354,27,-2.4466376583426825,7.3256026098741245,94,4.32596352290048,4.510568861604018,39,-7.4610715993835335,3.922304945519125,1
7.032782537082154,22,-0.6939640097427784,7.578512308849777,68,6.352658546929877,4.917565430939045,72,-9.12922340947425,5.525405877914414,1
6.867170188789346,1,1.8352652053494722,2.5530847343172165,28,1.0959570096638238,9.087209580274896,6,-9.453046173783905,4.3957910082861344,0
5.853403598350436,33,-9.305166650455895,5.1868873405365,57,6.828332994672376,2.9865210110898723,41,7.480818097591005,6.930212433436205,1
3.5833550311729034,80,5.00519743568967,2.7199925066293815,75,-9.187847955020796,1.9091614302350401,44,-8.530674080981264,5.234701761680767,0
6.919660899987461,88,5.898452227284658,1.3191950783812132,86,9.174010594480492,2.7452404906600916,41,1.4988590420826,6.388147347011833,0
4.37149882696114,10,-9.848492180962246,3.057114848644905,86,-5.0893313307717385,8.49959717282239,86,1.6221024868297906,5.887997041219698,0
5.046104416518941,24,-3.5659364012851125,1.4218762907183695,78,-4.966730114437496,6.990955903787559,4,3.9908208758313855,4.299828659308158,1
7.676441063861176,52,9.139870717552732,5.289983156880961,13,0.8671568564441827,5.916320646856138,33,-1.4811895816518437,2.968529980980308,0
5.167985712263281,62,-6.394146060811243,4.522642890291401,5,3.052225565192277,6.272112679507626,52,-4.47600573224006,2.1337216096485108,0
5.494568060475237,61,0.9890812051090254,1.6992767529634136,68,-8.015975391171846,7.663620435373794,55,-0.6176846672357037,-0.3796879608116379,0
2.174441028006821,38,-8.944368107845706,5.79468085349498,59,-1.5069855709203885,8.054593061255519,4,1.1567616385740855,5.792795766489682,0
5.974018587533707,18,0.14695379301063127,0.6984324972155376,3,2.41538054300592,4.405976119616546,34,-4.025317951411003,3.1438635816900034,0
3.039986705395038,1,5.784289542479787,7.420189573243123,42,2.5953561147966813,2.6229709415468827,26,-5.709773696709237,7.530246133587472,0
7.023879312735804,42,8.881782272692252,3.3212205399355614,70,6.465905866734836,4.1879719307187315,74,9.731848269338975,5.248663182241277,0
4.630801645654299,30,-9.065415296230057,2.6031115818589194,65,6.379840304119977,9.747989215234611,66,2.4547752991118017,7.479931382346373,0
0.5276623159657792,64,-1.1108075199796552,7.1283418216211185,46,1.0537405688062798,4.191649265698999,1,-4.204575929648302,6.651587617771939,0
4.283959794873316,58,4.698205931439768,3.055454431396164,13,1.836815661902996,3.5240564601132203,44,2.9329309591025314,5.110978046025455,0
4.5439309234281655,39,9.70575563754998,5.649347830032399,27,-8.850371005293507,5.207453954621741,98,1.6619441045165182,4.063461031892951,0
5.970950452156185,63,-4.825433384354922,2.720286706374456,8,0.13657437600297406,5.036486624503766,41,-6.878938554349405,5.971765344566591,0
6.341024781294335,10,3.0298932829271923,6.260320946985923,28,2.083453183638044,3.7846494440369542,86,-3.480243957881868,4.482634184746571,0
4.344471510557623,89,-4.620095936592,7.579359040007682,87,-9.4841237457857,3.6392575889694703,21,-9.8805532290468,2.2298310369366416,0
7.025736389707749,12,-6.325185073932495,5.981517734823214,34,0.8799716029609588,4.986567819832555,59,5.379877356219788,3.529835391386367,0
-1.3341106573058124,92,4.053414312282506,5.164880938522146,17,-4.110885604692562,6.556077032947237,58,-1.1633186305295666,4.817768504222033,0
3.5720220039495416,62,-9.652536476800615,0.5802281473959141,10,-3.1779174092939595,3.4409610272628606,86,-8.481706446472026,5.644979404603303,0
2.775271458325627,23,8.107501932372191,6.94085457155793,94,-3.6673388590641416,4.688718689889224,30,-2.16247941336416,2.540122096027979,0
2.4916329788301574,49,-7.106049685550737,6.293621199250549,61,2.8616916424742627,4.686659328458467,1,-8.647652635385146,3.523157338713447,0
6.919412742695021,12,3.747607360202039,6.668406744263692,48,0.33370962567273743,4.4704845427053606,1,-1.1929051189545667,7.028169299301789,0
6.658340798049698,82,-2.6703835417795148,4.755987590504455,48,2.836891739896112,1.7952614178133515,7,7.068081939923626,3.112037787776947,0
3.448459959179556,29,-5.9796445532959215,5.067125409541184,51,5.4090932962090825,6.6600986327878005,7,0.31500956098962263,2.9989282245026514,0
7.3561140079199205,53,-8.28719862552093,5.139143431497258,6,3.039669238543306,4.0581039869460955,31,-8.216500406473244,7.713753467922056,0
5.202933784904836,36,-8.199560947109026,5.322265058293189,30,7.1164930539656055,8.487905620425789,12,-0.16018624845615292,5.602421347066299,0
4.156631798449695,24,8.04516879472073,3.2398842682214113,97,-3.0714805254314737,6.503880803328304,4,-6.957356023487153,2.800439893916481,0
3.614154407255126,34,-6.9343131348521725,4.5440553803774515,52,0.9078969588955026,7.861096462684861,36,-2.716293047420379,6.180409501751219,0
3.443456547073815,45,8.692542910658855,3.430049325118785,13,0.5460038311339659,2.484685653137486,36,5.09456685378877,4.420209271014611,0
5.9455497148990695,54,8.373160591160033,6.360864088521966,25,9.285348876300862,7.69774154771603,56,6.841097193315349,4.878945828007967,0
6.300309801934004,81,3.9765475471704743,6.8069437988074855,22,7.471326188295894,1.4384076073531036,59,-8.819340673676244,3.8584059097870678,0
5.477002424375819,16,4.345329092320414,6.930917417126645,21,0.05689305893957197,4.887241094021395,36,-1.7364595710863728,4.252888133094137,0
0.8995646452338057,62,3.251923489872075,5.289977908286166,83,3.798590096268615,2.594773183126724,9,-8.081145900866787,7.17571146705485,0
5.592717312105809,13,-0.4535894257721207,8.841653413583778,25,1.1533245272432282,5.4750566726349374,31,-0.04973057096867706,7.337562753191349,0
6.130793128077611,14,0.7325475659484937,3.202004250504804,57,7.694528545918892,3.419036907525269,93,3.2478798306868093,10.128251374432265,0
3.661588789071102,76,-4.473702612638231,5.703876050583784,2,3.9912585329330934,1.8538248167203886,63,2.6734545805591026,2.798228496400077,0
5.086501085796707,3,2.5600398781465667,4.6881169173325885,61,-2.7134498663565694,1.9754066975719682,19,-5.6296210539841995,7.226262526501434,0
1.2722314013985048,2,0.783612007885182,4.679073880717834,78,-2.1549846858668946,7.38895083535157,16,4.951803120954084,5.270216791115553,0
2.540061876640454,44,-5.778453122528466,2.341244515282058,9,5.242409425594314,5.456711721757855,33,2.048532922933731,5.864551927562669,0
4.351529303518946,19,-1.7709584711078126,3.0707514995861107,34,-4.551841201666953,4.759991502557379,19,-6.534008515641119,3.9164930794426347,0
4.380497711967788,9,-0.964426873108831,5.012146977947925,12,1.769157513691086,3.268977864226934,76,1.6324871762987634,6.452271081407402,0
5.703358743499203,24,-0.2995820391010149,6.316983296604137,52,6.517028730996479,6.731018991887754,90,9.98398341027102,3.3362279581960066,1
2.62614922694118,3,-0.16459780421702774,6.135974440940419,7,9.681370216332166,6.234146969776255,55,2.310628783077666,7.624942123258359,0
4.317587870758654,83,6.867110131851753,2.8213034719646926,4,4.84072356279097,2.7568874199962554,81,-1.5949042789377899,2.7442635633062546,0
4.020440439173182,86,-3.3233252876075703,6.1687437991862835,71,-7.770624027272108,0.48922625117390783,77,-6.008705598938908,4.161277236148984,0
6.056020947958416,3,-8.344934940894259,2.257559571272905,21,0.6519852680262161,3.7839296347222997,54,-3.1207967713919054,4.870540433726146,0
7.842085536736663,8,-8.768238712869449,7.461413650907174,33,-9.990906568132221,7.309198094561264,48,4.627302694296198,2.51276583747491,0
8.44184063962015,56,-2.776268363883876,3.8992871945827536,4,8.096675194390766,7.782948919485772,0,-7.290106819137792,6.635606779829897,0
1.863119906337285,47,6.5459965639573525,3.3659350548855813,24,1.3145387485111861,6.050683341425678,28,4.983102354674694,8.002778985721093,0
4.903971616499085,28,4.824246900829824,3.9087002430118343,94,4.275031831459291,5.918492471061682,18,5.396439776149366,5.911735142550639,0
2.7749413795104694,57,3.175549407486013,6.412612726604292,76,2.332508096911038,6.990345688555081,90,1.5187484196802803,3.346506429898593,0
4.870510097027521,88,5.305182618814076,2.2773412373653286,47,-3.9509341656111,6.78535327496723,52,-8.351487882822617,2.119748640311714,0
5.845838559231898,34,-6.493581497788632,6.842753016250988,54,-8.678611276813474,5.443413450330323,9,3.203606742255804,9.807116468511566,1
5.1629817974068235,13,-3.0144583311689654,3.891075426019168,9,-3.1096556180624146,7.6486423239704315,42,2.7539027069878443,10.988753622949421,0
4.901976602411079,33,2.5600368581184405,8.078458388100232,5,8.74721333766783,5.686868804984642,23,0.55160061039021,6.985601793085207,0
7.966078349530603,45,-6.117590502133767,4.485458084423521,82,-3.197110506413896,3.7551527906655213,99,6.207331053016219,7.078156428567876,1
6.4419787834078175,11,-4.7104899112662,5.045582667654821,31,-0.9659030328978702,7.949001364491064,82,-6.891102727918177,6.573390213725565,0
4.454691076924433,63,-2.0510065576707603,5.140243112921887,67,5.897119180601189,2.319596620704952,55,4.424168197254,3.574007555714963,0
5.048422721790587,47,-5.321795553791562,2.6650516057305547,28,-9.029847155413382,0.29438660760439994,73,4.302446258434944,5.609512289823397,0
6.741795613578798,89,-0.7614448925021513,1.9755752297914735,29,-5.541702993777864,6.0241225780784715,97,3.715465151341249,4.357445146196172,0
6.2195810120785575,78,1.2421910046759255,3.976443443899437,26,7.849347287740571,4.271728717687762,87,7.470019975144048,5.251789059324865,0
4.149847792598357,65,4.4951669723285885,7.4214912345278155,30,-6.306522325597344,5.269796445009891,40,2.552669231862051,9.320831916040525,0
1.449514317792861,6,-8.689021118807217,5.746308530052199,57,0.0004570954422522533,4.130238375725703,41,3.1742162001346212,4.007417525310636,0
2.6306850144546208,89,3.6743270190155997,5.365682318930325,10,2.89300559357444,5.343631633841613,85,6.378361286941871,3.7093356776960498,0
5.29195845002703,20,6.190280030891714,5.852040280389609,34,-8.981278704319031,3.7208786463052705,30,-6.3887348579194425,2.4643746103975013,0
1.426946294641989,67,-1.6571775314577373,4.372038299299036,44,1.9892442694482426,4.6139205786519755,85,-6.924669658702829,5.3754336164494925,0
4.695211003967144,59,-5.829380821761041,0.9979499508167713,97,-1.1021593773699205,4.751975316982958,91,6.256972768802655,3.7088460138390382,0
4.092861647624942,27,8.13169922222032,3.9005110820585793,34,5.060437716931512,3.9540149798263293,13,1.2517759867542129,1.6364904166769745,0
6.998505606094406,60,6.942306766521611,3.43451937313747,38,-8.46587646059822,4.7412930799022055,96,-2.804027621399687,4.094025336944183,0
2.3639123530490886,35,-4.455988877036883,2.9023807435284406,73,-1.8420532749164948,5.3345657491880445,56,-7.5035284074316895,4.885340540628662,0
1.1364620421980227,89,5.183751967951029,7.151137722742328,93,9.736370251803315,2.006114623942926,24,-7.870058608106618,5.121669128390696,0
4.1607185167797835,28,3.349456208615633,6.517431359162453,73,-2.8872287709861144,4.146680071279149,68,6.101042514821184,4.667594153796957,0
6.2695262631870445,21,5.226131602896302,5.452233079014045,95,0.7079803019389246,8.417719939772292,70,-8.301920284929224,3.4895894999991803,0
7.139837197854703,78,-4.668711781932506,5.609861542586331,95,5.891950513279763,6.083265212054245,48,-4.9593858288881965,5.213455184360104,1
3.181345966880114,21,8.178764036410318,5.860196723613638,46,-0.7610278146392737,2.385584464670893,48,-7.766580771762371,5.18305210025407,0
5.940527495192372,39,-4.073016090524771,3.8490349847308245,61,-3.9544607325399,5.056444239039383,75,-7.465679091890447,3.0568203906513935,1
2.777139104475291,84,-6.435197058121314,3.6602346207527265,51,-5.214040674524593,5.957663751190617,41,2.7066091887263877,5.1830448368057755,0
3.502345068861096,30,3.4006707132479264,2.946067758628343,87,-6.329444116990994,8.639906136460354,21,5.5678250556437305,6.508243508749367,0
6.1351894520555295,6,-1.2720744515234887,6.320618984146867,69,1.9844118121833993,4.050485810372766,85,1.8223033825152264,3.6709206092331743,1
6.436301085103688,66,-6.35891213085616,3.470420731715807,25,-8.07413958626574,3.586677754696744,48,6.769115884296394,3.7622063631543194,0
3.0012385014529626,95,-7.970988952147913,9.530402102403652,31,7.73775033864149,3.813589892676766,6,1.2523076360307144,3.8117934930929342,0
5.9497966458739695,67,-7.432909053174992,1.931825857588597,76,2.1498807024709183,5.054075496540419,50,3.8788197926714822,6.491423787528645,1
1.2630003734989002,53,8.617453149351807,3.557556641533024,46,-6.018497014062332,7.371768169767415,75,-9.943859896668013,1.6373303847821017,0
4.594682185668892,27,8.069130313910307,6.609139851834431,20,8.509825641366394,3.721122129860329,57,5.25791367384377,4.822783615370916,0
2.731503947443317,72,-7.429585031200321,3.9705380274334416,44,0.9911048010535932,3.5113009324413387,40,-6.465385381066722,2.0233178189404346,0
3.384601319605697,69,6.6021831541497065,5.9195936188984355,59,4.681843681688347,2.8628487748934566,86,-3.4099177923642916,5.949287858117486,0
2.447845295711301,3,1.1007676844719771,4.3590593651172584,38,-5.805713199811066,0.3559300422549043,9,-0.09955340520780709,4.746483548990872,0
6.10725279067797,44,-8.610583149396973,7.02066829250105,59,-6.782413464684469,6.069898217935538,90,-8.008268484153824,7.0823218177311755,1
6.107748940863735,29,-7.867810906949144,1.1062465085523265,2,7.995102244267571,5.516515271734409,93,6.019181772899291,3.489045514939134,0
3.617599109334445,20,1.7415967283473766,3.4169968773527617,93,0.16290310801893781,7.093322309176605,17,6.626772866328661,6.776839426757045,0
5.751164612887197,52,-8.42309383126616,5.947069016866743,59,-8.033313468771311,3.875439158549323,62,-7.634334222551673,3.7082480488253546,1
5.5225451062707505,47,-9.547864338357392,5.9075486132755115,61,3.0542092530145464,2.1498184407418672,58,-0.2572804648357785,3.747653299578862,1
4.743096491333115,7,8.53111082866609,5.445812523727774,28,6.077229358097533,5.1732417756763445,71,7.180184668448,3.4084083363108464,0
9.316340399167157,95,-9.87728098969924,6.1689789280813,38,7.656855510462993,4.601140136552553,99,-3.941495616336022,4.299502117045639,0
3.3182427657202798,13,-1.9109652548344247,3.052329065167914,0,-7.294846687740357,1.8309663361322297,45,8.55778260526628,4.832457473327879,0
5.028610181426274,71,0.8356011107363219,6.6220461143598985,92,7.774216900569002,4.117607851614591,7,-7.362167795505146,2.998188643557932,0
4.235225941408882,34,3.3182628243233516,1.4216558843693514,24,0.949581974204694,3.2995233189650066,36,-8.241169036148875,4.019900602995887,0
4.256439970739157,83,-6.006019179309585,-0.3161600961583497,74,-7.799121530447195,6.722597495808175,75,-7.170057398615062,6.830083406523867,0
5.3188240081829585,1,0.10032606671898137,3.404598003655228,19,-0.3096956540979683,-0.4871331582025489,69,-6.457211468674702,5.102712798584656,0
4.411208599620711,68,-8.460611767060911,3.648653726788459,71,-3.5799641014278976,6.1144918210381105,4,-5.204989088172043,7.71856025351542,0
3.279146479815523,59,-7.133486710710373,6.736494206191981,1,1.612460650596507,9.353283599844353,94,-7.72436100805558,6.124466283336819,0
5.248454995919462,79,2.4868953555094038,6.089141080035872,13,1.9138829087362286,7.968528162340563,53,7.0969868585640015,5.639141756846854,0
7.36466329350797,47,1.9273410465125593,7.1022393231324354,67,-2.514036374068689,4.726926318416664,88,9.222675061737274,5.0925868360100575,0
6.885532759957,5,6.196729420313169,5.0076270857027,93,9.010331698182242,4.196671503915141,22,-6.108726201322807,6.37889036756489,0
5.406088976817421,75,-0.28112681026575537,4.510356158404298,96,9.777069625056807,4.676627323697388,62,-5.566917414504826,5.094373025923387,1
3.5292063724021423,21,-3.9321441471944922,2.4651080223262554,97,1.8878954440346725,3.8371509678248645,44,1.0222012632281583,5.859141781079736,0
5.372859200798939,13,-1.9779270257985893,4.426630626034272,56,-6.625467792601607,3.3744518336311358,64,-0.43912324189547114,6.320354540868775,1
7.169286046691878,11,-0.8507457879094815,2.7100623989187,69,2.6520619286323743,5.614133772868286,22,3.329739188231983,3.5753820085075736,1
7.382378524653975,65,3.0823857784358903,5.5840205802436955,84,4.209799524020532,4.359584431003767,13,-8.170838315499449,8.890027636191387,0
5.719374119132792,81,-2.861693387390625,8.389910602520443,75,9.968972383260954,9.43295085514205,33,-0.5064146235140932,6.3788435086189885,1
4.271285599667563,25,6.868261369524152,7.515266810071051,89,7.1253519915686,6.997804564857214,26,-6.771248126834903,2.3137432134513767,0
4.594494501134258,29,-8.86535502826751,5.880761977014721,25,-9.67904143442227,4.535827301369244,39,8.667653009163732,7.764598319968435,0
6.544091854677009,14,6.077935147568091,4.442156561968704,47,5.452283784130625,6.336869655199881,52,6.2590225702015445,2.6978374794313678,0
6.372692429742501,9,-8.424168793123606,4.9112352427976536,9,3.606652274084327,3.592695726744477,93,-4.237875176642829,6.854572046461398,0
1.4846007757240325,58,-6.531637317060499,7.996521731185455,28,3.5049480390692906,3.181715594555852,20,-5.700184911593902,2.571503951563279,0
6.317235129584555,79,0.30962088312497293,4.003407272948822,45,-6.569203484555379,3.543898780934886,85,2.834489464205536,2.4375570872086696,0
6.422576680059056,97,-7.878343169544935,6.234988522900439,30,-7.986072542428991,5.676558269034556,31,-8.253206536575712,5.166754446205342,0
3.2256171499894535,24,0.42736731370881564,3.4468113518830394,16,7.718159498885797,4.649327862415924,43,-8.897335141763467,7.7371521865674175,0
3.4700377675526375,73,-5.51121035588547,5.4630435011477605,6,7.049802129491784,5.753103111335818,61,-5.355972089528067,5.157563781312016,0
3.485671803764729,48,-1.2471062524123973,0.7372365423817113,28,2.926338853868792,3.6517886660517087,53,4.349299522283221,4.04785370065043,0
3.6394743949543056,11,5.184043942854862,5.387136961992634,24,6.174160554001112,6.9253296266213935,43,-1.8996744101328034,2.7107338614606182,0
2.1665008256115317,85,7.548860440360585,7.000692788662116,25,4.72693263926022,3.9876208897773497,79,-4.063645274233569,7.282121581513662,0
5.626183859103894,26,3.846911103957364,2.991534071040418,10,-7.202001085768375,5.29443794537401,48,0.2735393267279562,6.006219640676466,0
3.428561202464979,41,-2.179751538783698,2.442057988547801,2,-2.5406448149800998,9.90647341413532,12,3.94056597574143,3.917429212278391,0
4.85923232781742,72,7.771321148975538,5.267009475029082,17,-4.820037886885348,5.232240499368761,67,0.7889863901391436,4.689205180474588,0
4.004862433902009,33,-2.7746741833271082,5.172971113714055,70,-7.976680409210532,5.415401821336403,88,7.9374510703623145,7.404872892351782,0
5.51035504279338,1,5.73631972100182,7.781339747165719,26,-5.1143623550051265,4.103267851489162,67,4.642964305190045,7.851976136177222,0
2.9787659278560987,62,9.036696379284209,6.490110763424349,35,-8.205784929212395,4.54461882664651,0,8.694966582979674,6.0671462916447085,0
5.490530749792932,49,-7.524289300988201,5.895204684144175,80,-0.5187486723634027,3.716368301615576,53,-9.714463020463832,4.865912171923931,1
5.779562031887386,98,7.6502910801991995,4.483703497610027,6,-8.876580856365095,5.667336251138354,66,8.040009687993475,3.769314817331876,0
6.655189170397257,51,4.4249638796870965,4.7346329419634055,88,5.53715088673626,4.947805648891566,32,-3.8060281176255595,3.7143594084448432,0
8.935538178781314,93,5.474085416514633,6.341654106471686,39,8.1041901815499,0.5889937907483231,88,5.647957772404709,8.350613470783777,0
0.8157964594915637,2,6.091905307499868,3.0490531238660123,86,-9.780284483477375,8.280188912657577,20,9.54421665403423,5.3244129995739815,0
5.640628668746273,53,-4.753682398214463,1.4858923443369676,33,7.647479265053644,3.983563122088344,72,-9.323442686765308,5.644812966395079,0
3.58167431678652,69,3.8997796718645397,5.023223367222312,21,-2.5483514516899897,7.235972772858828,99,9.720056820789452,8.48335280683384,0
1.149882654177679,10,6.285274040917901,3.6834994632894373,62,0.7055283431990027,4.262121812199934,96,1.8526145233402112,1.0468144111815616,0
6.683261246613311,17,6.605109933595042,7.066503647867682,93,-2.167853021784052,4.765781247467575,30,7.55209659535322,8.847196351029003,0
7.664399767789811,73,5.62624268131672,5.132012154973703,74,3.972415768815713,6.341906877467148,50,2.938464082024989,3.121663903192787,0
4.216744579001485,92,0.3642903593638529,5.735104311384191,40,0.24815959007213095,3.352623042547265,13,2.993800807192974,2.173799667028367,0
5.421832592444021,19,-5.466595467082948,4.932533400643072,95,3.83418693799781,2.555417912429239,85,-7.037339884785232,2.5168114730769746,1
4.871846519673686,6,3.3540356896186694,1.8721783470543247,13,-7.7835784019311465,3.7817855263154128,65,3.7951261143908788,2.0323816243410353,0
5.868395336186392,87,1.7555183527720786,5.0772035780284055,47,-0.5361428488264703,3.197282800355251,71,4.433391335447144,6.692088375794761,0
6.761071497847194,58,-6.491246059482698,4.328741407673491,10,3.5966551122410664,5.394488387589161,21,-8.064694833105282,6.198233689235899,0
5.689874671386794,56,-1.0491508874554984,5.7277493557367025,17,-5.415070254069798,6.669393799518481,19,-8.267808270207343,7.0549014594920205,0
5.691539858920318,24,5.031198781515208,6.274345931935832,80,-5.294546789978625,6.887752492286909,77,-1.2326233559012678,2.9050115523096616,0
7.519473085743268,10,2.4466274254358655,5.1202682683846925,75,6.099463899019103,1.8339403226715723,23,-3.6952764199969685,6.147410047052711,0
4.670675555646763,15,-8.831616492818151,5.716480364637174,67,-2.609526553632975,4.583574102834663,62,6.9648108322925815,5.712241841645053,0
6.846129142597899,63,2.488015025918626,9.031726086756535,27,-0.3677804138810732,4.940952928893298,85,3.1464106461399037,4.579807634812179,0
3.3559991556169626,38,6.479896863275922,6.287666800780116,75,5.32643052607918,2.292941897074834,93,-6.456986416627474,7.199605032332084,0
8.214169893433404,54,-2.32942723758367,5.774690281642759,7,1.7746988254401082,2.8151798476472685,5,-6.047410130858413,3.540649464885901,0
6.475650784745811,0,-1.4179102487396804,3.2851902505483324,49,0.3957263010497378,4.519754286778955,12,-3.951979429831411,0.4620895013272177,0
4.19248093221708,73,1.8128477467549242,5.404058088473839,94,-5.723968221676701,3.627293462252139,24,1.379010300976912,7.110843997430946,0
0.7709037058206665,42,-7.016739344961611,3.41015085556728,44,0.17654728490760974,6.27202856988335,5,0.04687203778256688,6.513609393224154,0
4.9993785657376995,9,3.014391976275075,2.1037743401615585,98,-3.539575943953597,4.407956998739342,64,-0.4268849170263973,4.026526331083111,0
2.6363811824585004,10,-6.951489678711711,5.270990290742028,69,3.562224522865943,7.311660901970246,80,-9.374796730290651,5.01926455958164,0
5.5992692063594935,7,6.105146197613479,4.6050056325215145,17,6.742460402155984,5.722417149235897,47,0.8355613850575043,4.870986278053516,0
7.9023376456009515,26,4.680149000814925,6.607984205616271,97,-9.161551250420036,5.372996250466118,59,-9.603379123285114,4.278025885369141,0
5.320119585592978,18,-8.880695335019809,7.151774232105029,88,1.5925263459863626,7.77861729303825,73,-1.1275099156129436,5.709597234591303,1
4.643974771350953,31,9.731001924282111,5.969911059461668,57,7.376743191201324,4.24761245028039,39,-5.850725548845064,5.201970678447416,0
5.684410807991718,51,6.665642508804726,5.836177071970123,25,-3.1288592912596265,3.5491607183175855,26,-3.9019144981228386,4.4173526868757,0
5.57130039221975,74,2.5267302369368245,8.825954541891443,78,5.148481753299443,5.89850886826271,18,3.0497938303468075,4.809169732780083,0
0.2742717830955046,25,4.131784430665611,4.728975942535727,4,-0.10378653955869765,3.674754326529193,63,-2.075468393489257,2.1238651440436693,0
5.481873728141026,99,-4.343090127995435,5.706878972672476,36,1.7306724855002962,4.202271488997141,61,1.8146261333450937,3.6191266867510916,0
6.240554712235393,97,2.9089770626049614,5.438301492060673,32,9.978072579139976,5.977298619175088,15,4.743956466036536,3.6838647364079784,0
4.481316731414586,18,7.2518626646102256,4.502599594774947,31,0.223462257168201,5.896151760144092,74,4.364406521003952,4.77396394357604,0
6.95711815628102,68,0.4124475039691866,5.711887256426295,1,-0.9459968650854389,7.76452004561969,51,0.8024142983518665,5.195695265215976,0
4.744650850834007,79,-4.750367527872507,5.085369619450566,80,-4.1784012018950545,4.9554667190526125,72,7.368303919683477,6.468809194719517,0
6.53399752496082,66,7.191535683927729,8.776770741431262,30,-0.1939641966121659,5.4264590509658595,53,7.794500217264233,4.628478666516372,0
9.546210214124308,87,-0.8460217383418254,6.0310744475528715,52,-7.391057663296625,5.056298142847139,29,3.406983314910452,3.705039452123836,1
4.807217741947056,94,7.191735291228259,4.951549541752373,83,-6.303714026511489,6.007173194955788,76,-8.458166029008819,6.8571513241782,0
1.1157356681635058,39,-9.633193458995454,4.9515295613535795,32,5.207391413870839,2.3334132112279686,22,-7.762149390714215,6.327564856862041,0
4.326816551848783,66,-8.130358857234349,1.8516775955214464,57,-5.406266556508945,4.179890704130285,2,2.2183018705728905,4.791059960480323,0
1.5482199904198595,52,-5.98325088009333,4.08612756579673,88,-3.897223707092003,5.145562778798003,38,-5.345674012221082,3.134564901253656,0
6.222475652880793,22,1.1526283154738355,4.812234032130649,43,-7.710891320648656,5.7603011350892865,42,9.061941341535217,7.644813707555435,0
7.618701948066182,2,-9.028923882028629,6.173981976964329,58,-0.10583419526933469,6.068186424362236,58,-5.3641765063424,3.8047282829497346,1
6.391759323435081,90,-3.668970034672383,7.492590156464953,48,5.007150740385702,8.994393861345202,4,0.07278242861536377,5.897041616940424,0
5.6406164254925395,92,9.215125237348047,8.628534399961376,92,4.152050471637587,4.49333805318933,77,-8.451673349337021,3.2343493818069353,0
3.710149084950485,92,8.546002165076878,5.513898016305309,8,-0.14806710786686494,1.7384265625133,71,2.1261274001707715,6.186981153658688,0
8.151299491932956,71,3.9454592588882456,2.251692443803454,20,-6.462299336100723,-0.4731415389045486,96,5.2203545475915885,4.3415727602417995,0
6.506552423998637,9,6.677825584504035,4.651668389006869,44,8.306586949557154,5.985741457097534,32,3.9819100502720843,6.189194200711008,0
5.5689391134591,20,-9.130025153053172,2.1470380838894085,52,6.694142697285926,0.957938281860967,95,-2.088931295622272,4.225385735994323,1
5.40972063809314,77,2.524128196365014,5.747183103258278,96,5.253736237734703,5.0907655850605,35,-3.0697832304107227,8.375858900950561,0
5.223254717300011,24,-5.078846305080362,2.386000155384256,92,-8.893727863120963,5.487979367284128,20,-4.647044162401512,4.928727184940366,1
5.904432847918821,64,-6.363452290535523,4.247347437025571,87,-1.1289367135922959,4.045194940651819,39,-4.120081537616036,5.394150510736093,1
3.7733456418767926,69,-3.6196388391859236,5.698875265112801,65,2.912092765404779,4.927845718105738,74,5.543666577748866,6.169591063987917,0
8.050499868006842,6,4.006824939424069,5.595223863838172,82,-2.8998355598108034,6.942509365097238,41,5.402516337004897,8.249243779885465,0
5.304679505747886,79,-2.2010072362837345,5.315091196429923,42,-1.0865928284391106,9.436652090334288,87,5.738054687043366,4.556568097956424,0
6.2001089009450014,49,-2.8789231084955924,2.777337504463811,79,4.928503387220305,2.695889574627332,95,8.796951090238075,3.285973483483681,1
4.132865444661147,89,7.73071497081833,4.819215658176299,36,-4.373712131638065,4.69023398226022,62,1.6239719246059732,4.940140752055739,0
5.749837067146855,36,-1.9384003999087884,3.959094093266965,2,6.2645649632702956,2.9514017563310158,94,-6.846747623790648,1.7289049471117162,0
0.4364951473870402,37,2.7999930120099137,5.290904215427297,21,7.0732196374931675,4.890472749639642,69,-4.7820656591271415,2.2288101292114737,0
2.763402243083684,56,5.619756087455805,5.599786268912015,18,-7.1898501632353025,5.770431773235707,63,-1.1834192695398205,8.835201655241793,0
4.937173693627075,21,1.3735058678802368,5.406153502680936,56,8.592331846596394,4.877680740246506,25,-9.886046183664403,5.258552235254575,0
2.3550537798866658,7,-8.803120312443479,4.00556024120542,25,8.698724664434685,7.649132893516888,93,-2.8460131053413313,5.0652726787257745,0
9.878828127730333,39,9.269285439502227,6.463289245458024,31,-3.254305661158785,3.673612631791496,38,-1.3530905616437572,3.535580635822474,0
1.6638373721812232,93,3.083815474599154,6.731089200741234,15,0.046191659167650556,4.815640944007987,71,-8.72381015916455,1.5897147493415607,0
5.691801498071875,27,9.941445384281188,4.9811273555810605,18,-2.555721382505334,2.4289974346172234,39,5.960501142978439,7.329904919897928,0
8.311546306948337,13,-4.9072955810038055,6.131652448534879,52,-0.968157642109432,3.572459421191817,38,3.592454607861491,5.427238610522066,1
5.962574118824169,48,-1.759608339243293,6.361963803285551,34,2.270980975206303,5.913949742340147,84,4.530985499440018,2.8739226386510404,0
4.3795448932372505,63,-0.4186690657110308,5.01637292628845,40,-2.002298969210754,6.266025956972937,17,-8.395391261497418,3.9277739008375456,0
3.8957118323344293,22,9.590700066419696,6.964616344142068,34,-1.8626475948810768,4.777786777121084,5,1.111932070987372,3.626473468629409,0
6.346510977545288,69,-7.11021158373015,3.927923193818666,93,-7.314215806595337,8.043989391030971,97,0.44666732840653367,5.783524706853382,1
3.399458637914907,66,-4.038208926078566,5.911147142371533,6,6.17316019760441,5.996300956542038,70,1.1198553086315641,7.806207530385053,0
4.761027780382491,64,1.9540402527471006,8.967685617379555,20,0.3638549142475984,5.3881993919312325,20,1.976696139825595,2.3144555949172814,0
6.38239721143616,92,4.807234634432616,4.669398291473749,5,-4.481481309308821,6.5396707226392365,5,-4.919965763626399,5.588752794669375,0
4.384241946847398,16,5.3772105925347535,4.935086011639844,18,-3.9102769500075674,5.779235725200065,39,4.735153259385177,4.108770230525792,0
5.175020020377426,50,7.857854760518034,3.344381229423655,74,-9.140541579071883,4.49959339516432,69,-0.7913036049388911,2.7665435835218837,0
4.39182741490198,45,5.225156492887145,5.183267390352245,83,-3.0503492531566323,5.088672664080628,40,-6.0092668546651495,3.2282410588426522,0
3.060404792986266,37,-9.44267107584821,5.256897247904396,74,-4.50806526043954,6.65407644880955,21,3.00680470436782,8.425665772547855,0
7.378300969444288,62,-6.851700970730665,1.070770560218127,80,2.9797551952250494,6.792066490274569,6,-3.2886459530798025,1.8013284592759078,1
7.7861324811659856,33,4.156979037451233,2.9513819575294584,60,-3.066132487891995,3.300666981684424,90,-2.978894026265393,4.595661883019532,0
4.366600092193289,69,9.488960518822125,4.3024152763386265,54,-1.9472716869131155,3.8882179718105094,50,-4.968077265265965,4.766880033872689,0
4.468847682642836,10,-7.987142127110598,1.830521466324523,10,5.367697473094097,4.712570283886183,90,0.5272477245994658,3.9575435976995514,0
4.644201322040256,55,-8.13548371155102,4.456357124958597,74,5.618853666683588,5.7450216604936655,89,-0.25855003960967515,6.620688665686861,0
6.077606547251563,18,9.035589364584556,6.650449432375233,85,-1.9599544181860455,3.5988439749179992,5,-1.4533139754935824,6.255354313550026,0
3.1893994695169408,66,6.561971391536829,5.087515764426794,99,3.41835918055053,9.077097324216655,59,-1.940188446196201,7.1350327926879356,0
4.822949388894819,48,-8.287405562247358,8.241479861452982,57,-4.870527270213804,5.195146899583347,95,-6.386485327645155,8.366165749053087,0
5.525918110338291,50,2.664699775069117,3.255575245984981,25,-9.28598749458853,4.121958344510938,69,-0.17172705794203758,7.245154790084722,0
6.284084298774493,12,-6.503727002935193,0.7685542479838334,27,-8.37696129744306,4.9033676674346705,22,-3.1302212664154583,5.950297088865621,0
-0.5616745497628397,66,-4.832313087161964,3.2974286765923093,0,-7.236136847117979,5.533943662053871,2,1.725687097969633,1.5395345062870303,0
5.8068064191370246,48,5.928144976249541,4.387254014644547,76,-4.779752758196592,5.196203462727045,88,-9.872000461384944,3.9118368983354808,0
5.6916935238381665,96,1.662903315454983,7.305850319328604,24,-4.047252547082476,4.169377280961391,98,-7.189453321445798,6.160749356412803,0
7.015456473399267,8,-0.6607161273819262,4.6933677532613665,63,-5.465271907028155,5.866947027041297,15,0.07440992917347344,6.058796594250176,1
3.9474719695586087,79,-9.13844826175623,4.196368413708909,16,1.3351916832819093,0.7102620654735583,63,-0.16543073070358005,2.570152069688078,0
3.963293589461866,58,-1.2864253406415678,6.062312826967635,62,0.1801672196907571,3.8935040036105844,31,-3.982926484616753,3.9865271001816143,0
7.405033173339406,41,-2.06760253531161,5.9739937563860455,62,-1.3670903881534748,3.4782963612809703,31,-1.3929794821273518,6.4415443083153265,1
1.8736865877015818,93,1.4215819129497103,3.4450728862146507,72,-5.110597198683189,4.491895551083555,78,0.6436669300758773,4.410466997086878,0
8.2581805827628,11,-4.4321234065328685,4.743136996330814,59,1.201257401787462,4.0656266984533636,26,-1.8142417777969388,5.6179443364448005,1
10.111788918455652,22,-9.578660837594404,7.120348772165749,84,-9.031247285033979,3.621857257162635,58,-0.001400429295951966,5.5982550722426705,1
5.954903369409771,35,-1.88071254801992,4.7167851418903135,28,1.364012688528467,3.098329113448848,27,-5.9117629103801095,4.719935834778227,0
6.628196947153226,35,-7.680241802403678,7.12338545770095,78,9.220083822268531,7.921859759038206,95,5.731287284043013,6.4627032928608426,1
2.020836585801312,82,-6.2721862161353386,3.954982650125957,84,6.227832597297109,6.281790246233761,16,-6.225753630829843,4.025904449691428,0
3.6108804266048544,71,-8.010517977211256,8.190171055694492,66,2.1268492134052934,3.6905991172667076,38,-0.18440587165639855,4.848824064037948,0
7.115725094344205,50,5.680033199005944,9.546379975956398,83,-3.5366870301385696,5.312236218856179,46,3.466463109647652,4.747648368909088,0
5.723630693964468,85,0.6822847214294221,6.611036680877287,98,8.613012258096425,0.6071196987144019,44,4.805755696189038,2.461623923899044,0
4.637145073946458,98,-9.612926005493973,5.338946316113606,89,7.720344586154884,4.85963512210191,59,-2.445936222496494,1.3779251710421216,0
5.465738264679089,80,8.703452840286857,7.143702223264363,41,8.023786369340385,7.619777453100932,25,3.4530388074492713,4.0149149232936985,0
6.013952968640533,76,-1.3107905100454236,5.070722675720514,96,0.6362461524202097,5.393348021312368,90,0.13459229221287927,0.9022991029930099,1
4.413808597825932,63,-5.811765325229324,3.5911321336060675,99,3.4364730001938604,8.079519342487664,4,0.025850620104449717,8.05461237974809,0
4.942108110046522,55,-2.443461369517439,4.433800149985095,89,2.1661345424685834,5.017850123245882,92,-5.913326830336578,6.569894154219708,0
4.927385250402131,30,-4.61383833914976,6.52984232722218,43,6.583436917881823,7.35494315981026,73,-8.192356786803973,5.42366647640216,0
2.8954420371781215,70,2.3177467950360473,7.442184132425172,50,-1.1146493699552789,2.667029364142899,59,-7.878124412727208,5.562209513149439,0
5.647189255918202,76,-9.987086334817395,1.4075272704770683,89,2.7315951731653882,2.3020528151155046,20,-6.259071783031624,2.1369168013407402,1
8.60717182922618,6,1.7381492216399543,5.944813575522164,0,4.260877895578005,4.7883763144366345,27,-0.5000811071468281,10.008625624820624,0
8.463924260372384,57,2.7106038266031653,4.474514780467872,74,-9.541229495096486,6.6560337380088415,37,-5.751015074474976,6.986087998846605,0
2.0472014082964827,77,6.849099217335837,5.614788192411925,55,8.191100366128051,6.043524203562228,67,-5.845003724413065,4.855297824728197,0
6.141262439753475,88,-5.725993688601411,4.081886602157955,40,7.032833341913371,4.5416534326499525,83,-2.986659306559025,6.071356514891301,0
6.351007561811546,79,1.35171012461681,4.969865768000615,69,7.209273537367004,8.266581789739664,2,4.897292309150675,2.441759770722696,0
4.178979074352717,75,-0.2396417157897286,2.1473692024881843,78,-5.049223667775,4.096417907731096,81,7.186633281421365,4.10697679652157,0
3.0715999305752106,46,-6.968847461900525,7.438880039474903,55,-2.1058022560017857,3.009837933992908,88,-4.841430358485816,5.396085348293252,0
2.3583713716567036,50,-1.887811079904493,3.7116150856785266,12,9.288532426829498,2.3884458905242085,74,-9.722274780682142,2.4847689995749955,0
4.110592442299938,97,7.736563496947365,0.5779659081001371,19,-1.4710455447590736,6.131184157507903,50,-0.8033838015596722,2.6786956491986222,0
5.700018273214426,14,7.655678280333749,2.97902526327348,43,5.3831508093400515,5.246194962987974,25,-4.469268315456869,3.281853634148845,0
4.683883648465487,35,-1.5011667743559016,4.61547969340804,99,1.5942786726931821,6.164902675186659,25,-0.8509362525445656,4.261604634049064,0
3.7781338234736843,67,5.683678501363094,4.448102450099883,77,7.408745857330523,6.653131985242145,79,-0.6396856151713166,7.6404689996506985,0
2.5016867372982006,12,9.141347907417014,3.50311546121309,59,8.756889167758672,5.275927292666996,67,6.771819910009963,5.793417021174175,0
5.701432516776594,62,-4.699677617484175,1.9923568261857927,16,-0.17784769351300156,4.837357069775467,77,-9.111252788931811,5.770102163061294,0
7.133084893938911,87,2.896826526667331,5.699734044153049,0,3.5573464505737356,3.4327071290042426,71,9.964261995996694,1.7990055014325033,0
3.146156055931016,55,3.032692691455104,6.496569785454216,6,-1.2266014135560788,1.959433196152938,32,-8.197413178314237,4.013480810932275,0
5.8968579282974485,0,-4.001678125132178,6.456964840683407,60,6.608375033952399,7.627131917770222,3,6.185129048321542,2.2893022350492545,1
1.2410495121791985,21,6.861144203415943,4.085429736914417,48,3.8815332161662717,3.789494272266093,16,4.489325601959074,5.562735924793593,0
3.6850677821175166,0,2.997811860457812,5.953881627508785,83,-0.03399271615853472,2.839028964637393,76,-5.823832623593117,4.092942368932761,0
6.459208239031523,33,7.699756118409688,5.401770236652299,7,2.5011903109867344,6.862086056033339,20,-3.846481249810849,7.443343291060325,0
2.7644655812207577,77,7.339297683190441,6.046919148332619,64,6.00121464130779,7.902604882373931,54,9.053970974179201,4.707460476328585,0
3.791126550375138,5,0.3223417896307055,3.7284930053977394,9,3.0240572267518466,2.2446235794557223,48,1.090785677274555,3.426252735135013,0
7.835933656873398,96,4.064776413218761,1.9187567042306028,7,-4.972977984417417,3.8423139051827935,0,0.2705051546917119,7.353919405854164,0
3.5343120394949157,93,-7.545852032334435,2.0563439847092115,66,5.807912600416504,2.893966623918699,91,1.8369469164081877,4.934896960586629,0
3.2921103615414715,21,9.201177510179363,4.818263152260334,10,-5.980150354795248,3.2112249820527294,56,9.582629562987801,2.7340550618622648,0
6.1516967238613445,44,-1.423883477086843,6.819708346772413,52,2.4683621788735373,3.373329378117446,92,-3.3919582288308847,1.6638642395331553,1
8.909467126310588,8,-3.4986641000841185,4.755449896513437,76,-5.674359050308424,8.339996562513459,86,1.6086712754674757,4.74935734118715,1
4.520660105411762,53,-4.403331842531351,6.048522260112324,63,7.630532536308316,5.889982437186075,29,2.0694901954839313,5.898551509861597,0
6.5374717206372,0,-2.8312415442017453,5.656970840635533,30,-8.109037448402251,2.503540206107181,8,-6.177851334068938,5.234731516529627,0
7.6915383602300125,28,0.5847663621884553,7.097875614251819,98,-2.6420439021422553,4.568417224836523,70,9.389719328777318,3.638645902474444,0
5.6511043257611435,62,-0.577505388947559,2.8172396511577458,25,2.74243955704042,4.691589928701301,87,-2.181135619717674,4.973454941606293,0
4.460164197629879,8,-2.427577063777666,2.767171894045865,43,6.595575349357233,8.79205101620515,81,-2.103849819996901,3.047529828420312,0
3.2473465227490275,86,-2.0577548188805554,5.550458717137796,80,9.776851374948777,4.416980163909259,50,8.201967401814105,3.2308283680923715,0
2.149578078157871,84,0.10715474220279475,6.01650591556287,71,6.161943009026821,1.1126399734741241,27,5.0444153047767255,1.218470654995425,0
